"BroodYear","S_lwr","S_med","S_upr","R_lwr","R_med","R_upr","CU"
1984,6388.31,10678.77,16931.2,20496.58,25546.43,31935.57,"Kitsumkalum"
1985,5819.56,10099.32,16355.23,9331.79,11901.35,15148.3,"Kitsumkalum"
1986,5680.73,9336.47,14602.42,13979.73,17697.94,22340.09,"Kitsumkalum"
1987,8326.44,13217.76,19995.07,18168.82,22714.94,28340.94,"Kitsumkalum"
1988,8287.76,13078.5,19870.63,17020.76,21304.29,26713.82,"Kitsumkalum"
1989,9129.08,14233.57,21349.2,9074.95,11672.69,14910.41,"Kitsumkalum"
1990,6338.69,10457.57,16519.07,9681.67,12165.86,15471.55,"Kitsumkalum"
1991,4984.17,8136.42,12833.06,9892.27,12496.51,15890.63,"Kitsumkalum"
1992,6495.19,10985.53,17481.94,5979.65,7773.19,10124.67,"Kitsumkalum"
1993,6621.85,10827.75,16943.18,9197.46,11663.23,14838.68,"Kitsumkalum"
1994,6186.8,10050.2,15747.66,9064.81,11436.34,14344.76,"Kitsumkalum"
1995,4598.03,7358.96,11497.35,21609.61,26417.26,32336.63,"Kitsumkalum"
1996,5062.08,7929.28,12232.88,23150.81,28804.39,35960.81,"Kitsumkalum"
1997,3084.33,5143.56,8440.48,10452.31,13391.5,17144.91,"Kitsumkalum"
1998,4594.7,7254.49,11236.88,30234.33,37470.8,46898.92,"Kitsumkalum"
1999,4455.26,7362.61,12035.39,9440.01,12251.65,15848.05,"Kitsumkalum"
2000,6468.21,10159,15508.3,20077.15,24958.91,31591.08,"Kitsumkalum"
2001,7718.97,12818.38,20545.67,7870.65,10062.43,12869.59,"Kitsumkalum"
2002,6282.63,9854.51,14887.81,18935.37,23500.84,29383.85,"Kitsumkalum"
2003,8154.16,14398.76,22905.11,5718.34,7405.88,9503.71,"Kitsumkalum"
2004,8785.41,13665.79,20367.23,10918.82,13913.5,17590.76,"Kitsumkalum"
2005,5447.45,9691.65,16959.85,5658.37,7306.6,9407.09,"Kitsumkalum"
2006,5028.89,8167.63,12747.96,16518.65,20368.44,25152.99,"Kitsumkalum"
2007,5313.29,8888.56,14634.55,7091.74,9113.02,11788.56,"Kitsumkalum"
2008,4268.57,6908.71,10781.56,11386.08,14575.89,18995.86,"Kitsumkalum"
2009,3879.77,6555.89,10654.44,6791.38,8958.66,11882.52,"Kitsumkalum"
2010,5365.31,8331.8,12646.95,18325.01,23572.31,30892.71,"Kitsumkalum"
2011,4418.89,7155.09,11374.5,11480.22,14916.58,20122.35,"Kitsumkalum"
2012,3274.69,5645.32,9985.64,4834.56,6261.71,8185.55,"Kitsumkalum"
2013,4908.67,8349.85,14432.42,4445.37,5846.43,7762.67,"Kitsumkalum"
2014,5779.09,9145.31,14012.34,9969.7,12924.39,16791.3,"Kitsumkalum"
2015,5632.72,10846,19500.49,3302.05,4473.97,6077.22,"Kitsumkalum"
2016,4494.3,7775.17,13516.14,4574.42,6021.96,7971.14,"Kitsumkalum"
2017,2086.92,3513.31,5982.41,3360.69,4499.27,6030.31,"Kitsumkalum"
2018,4906.93,7650.57,11633.86,10599.13,13990.38,18713.89,"Kitsumkalum"
2019,2907.64,4888.49,8586.6,3421.78,5356.91,8775.38,"Kitsumkalum"
2020,3543.26,5532,8562.18,8574.3,14647.77,25582.09,"Kitsumkalum"
1984,12574.73,21680.14,35053.51,75444.38,91972.38,112001.82,"Large Lakes"
1985,7472.13,13114.37,23276.14,12537.45,16564.64,21623.35,"Large Lakes"
1986,8545,14513.73,24174.56,63080.08,76810.63,93932.7,"Large Lakes"
1987,21367.78,33611.96,51325.62,74679.75,91898.89,113857.77,"Large Lakes"
1988,15726.96,25320.54,39672.28,72674.33,89850.9,111565.45,"Large Lakes"
1989,20487.87,33447.88,52214.44,47996.13,59843.08,75191.72,"Large Lakes"
1990,9052.18,15277.63,24942.88,39762.57,49491.39,62196.31,"Large Lakes"
1991,13077.12,21355.86,34121.15,81461.25,100522.22,124473.58,"Large Lakes"
1992,22090,36510.94,58076.6,31217.74,39564.87,50498.09,"Large Lakes"
1993,24522.77,39522.31,62449.8,31953.69,39933.45,49819.55,"Large Lakes"
1994,20277.2,31924.62,50362.75,32305.14,40540.98,51031.4,"Large Lakes"
1995,16970.46,27210.59,42674.11,48757.56,60376.01,75029.41,"Large Lakes"
1996,23382.28,36591.56,56058.56,69081.27,85716.32,107476.57,"Large Lakes"
1997,11636.55,19644.51,33150.03,20222.62,26151.38,33794.27,"Large Lakes"
1998,12609.51,20182.3,31621.66,74735.15,93037.36,118497.79,"Large Lakes"
1999,10276.21,17138.41,28421.35,24215.6,31416.13,40534.15,"Large Lakes"
2000,15887.66,25559.06,40268.31,67631.03,83517.83,103622.91,"Large Lakes"
2001,16452.91,28237.37,46903.15,20039.01,25992.69,33814.52,"Large Lakes"
2002,10584.07,17588.38,28172.22,53109.01,65717.12,82677.27,"Large Lakes"
2003,16048.71,29542.73,54448.09,13470.04,17581.99,23044.2,"Large Lakes"
2004,21594.16,33404.87,50660.86,53234.8,66240.11,84060.11,"Large Lakes"
2005,14954.26,25120.04,41493.73,23010.64,29553.65,38144.83,"Large Lakes"
2006,11972.05,19257.24,30603.64,33978.77,42224.6,52780.76,"Large Lakes"
2007,10786.06,18543.39,33050.45,12085.06,15382.61,19499.7,"Large Lakes"
2008,8266.62,14005.37,23449.91,13832.4,17571.69,22825.26,"Large Lakes"
2009,13675.34,23707.47,41317.44,12271.38,15984.87,21080.93,"Large Lakes"
2010,14453.83,22816.41,35368.85,35601.79,44344.65,56730.04,"Large Lakes"
2011,8443.4,13961.06,22741.05,22748.36,28811.95,36677.38,"Large Lakes"
2012,4493.77,7443.65,11945.92,11870.96,14982.53,18636.78,"Large Lakes"
2013,5758.38,9356.51,15091.22,8518.54,10888.23,14014.23,"Large Lakes"
2014,9865.64,15748.97,25028.57,20677.29,25938.85,32833.7,"Large Lakes"
2015,9418.09,15906.67,28371.53,7902.27,10392.01,13732.37,"Large Lakes"
2016,6913.4,11178.7,17944.12,13389.35,17177.77,22061.41,"Large Lakes"
2017,3715.16,5961.69,9535.65,12758.13,16332.81,20914.82,"Large Lakes"
2018,7144.45,11120.58,17214.63,19379.07,24955.68,32642.03,"Large Lakes"
2019,4801.1,8044.61,13406.39,8044.82,11388.96,16792.04,"Large Lakes"
2020,6039.91,9654.63,15211.59,23137.75,38293.84,69034.17,"Large Lakes"
1994,2586.17,4089.99,6451.08,2018.03,2568.38,3259.65,"Lower Nass"
1995,1444.65,2285.56,3442.77,2444.91,3051.09,3813.03,"Lower Nass"
1996,1852.99,2790.19,4014.62,4177.98,5200.94,6568.9,"Lower Nass"
1997,1874.56,2968.13,4458.11,2198.8,2782.42,3519.06,"Lower Nass"
1998,1839.2,2736.08,3980.06,3823.09,4714.47,5910.02,"Lower Nass"
1999,1047.76,1652.59,2506.2,1820.36,2307.75,2946.68,"Lower Nass"
2000,1876.22,2690.97,3744.67,3843.37,4745.77,5950.96,"Lower Nass"
2001,2108.82,3047.62,4274.84,2996.3,3793.97,4856.35,"Lower Nass"
2002,1543.71,2303.25,3289.66,4480.21,5663.13,7172.71,"Lower Nass"
2003,1477.71,2322.66,3527.46,1723.32,2242.93,2984.99,"Lower Nass"
2004,1337.17,1998.25,2877.99,3328.86,4261.51,5542.09,"Lower Nass"
2005,1745.27,2625.47,3882.88,1807.72,2336.82,3013.47,"Lower Nass"
2006,2004.5,2979.36,4294.99,1922.01,2434.11,3106.42,"Lower Nass"
2007,1835.67,2750.16,3971.09,1879.57,2396.42,3098.71,"Lower Nass"
2008,1336.38,2115.91,3373.29,1047.81,1363.51,1779.57,"Lower Nass"
2009,1835.16,2612.41,3728.51,1968.46,2524.38,3193.26,"Lower Nass"
2010,1579.97,2189.62,2984.86,2692.78,3470.49,4467.76,"Lower Nass"
2011,1237.14,1782.09,2513.99,2036.36,2624.58,3390.67,"Lower Nass"
2012,822.35,1276.09,1991.14,730.52,972.81,1286.48,"Lower Nass"
2013,1074.29,1544.85,2181.42,1776.05,2330.29,3051.44,"Lower Nass"
2014,1524.99,2196.1,3082.97,2195.42,2861.34,3714.46,"Lower Nass"
2015,1503.85,2231.41,3214.18,1803.01,2358.28,3065.27,"Lower Nass"
2016,1098.81,1575.36,2215.37,2546.74,3320.59,4310.24,"Lower Nass"
2017,803.58,1216.04,1812.66,1602.15,2088.96,2721.92,"Lower Nass"
2018,1567.38,2203.55,3042.31,2632.1,3431.49,4541.83,"Lower Nass"
2019,1532.13,2177.41,3071.02,3251.35,4370.29,6035.28,"Lower Nass"
2020,1791.94,2502.43,3405.67,5751.79,8069.78,11656.13,"Lower Nass"
2021,1650.39,2294.63,3112.37,4340.7,6944.49,11663.35,"Lower Nass"
1984,859.31,1511.2,2637.62,4359.49,5527.37,6981.03,"Lower Skeena"
1985,1464.24,2480.58,4336.66,1702.51,2216.53,2906.16,"Lower Skeena"
1986,1256.82,2152.72,3549.5,7307.76,9075.23,11326.65,"Lower Skeena"
1987,3074.81,4962.31,7764.9,5714.27,7249.62,9252.86,"Lower Skeena"
1988,1580.56,2637.3,4314.92,3518.27,4465.44,5739.77,"Lower Skeena"
1989,1788.66,2898.62,4664.76,3676.56,4689.81,5956.51,"Lower Skeena"
1990,1332.51,2225.98,3607.29,3106.23,3933.61,4997.54,"Lower Skeena"
1991,1939.5,3128.28,4958.14,7103.57,8967.78,11398.34,"Lower Skeena"
1992,2601.48,4335.21,7028.89,2757.16,3561.33,4666.43,"Lower Skeena"
1993,1984.44,3251.3,5228.43,3778.43,4740.84,5965.68,"Lower Skeena"
1994,1292.26,2133.76,3436.22,3594.9,4559.33,5771.39,"Lower Skeena"
1995,1785.68,2888.04,4533.26,8315.57,10372.63,12844.83,"Lower Skeena"
1996,2662.12,4229.06,6553.12,14241.14,17749.73,22271.6,"Lower Skeena"
1997,1406.47,2342.9,3837.89,4080.63,5243.57,6724.09,"Lower Skeena"
1998,1747.77,2795.14,4304.24,9472.13,11765.16,14852.31,"Lower Skeena"
1999,1507.76,2550.69,4529.77,933.59,1339.31,1913.67,"Lower Skeena"
2000,3087.91,4951,7866.82,5641.89,7010.82,8715.67,"Lower Skeena"
2001,3773.28,6330.43,10350.8,3720.64,4801.39,6170.67,"Lower Skeena"
2002,1999.97,3249.25,5217.73,10726.04,13306.26,16813.98,"Lower Skeena"
2003,2964.92,4783.2,7648,3633.68,4660.17,6050.42,"Lower Skeena"
2004,2546.53,3999.09,6295.38,3957.55,4973.89,6308.68,"Lower Skeena"
2005,1334.29,2254.92,3763.52,2484.57,3153.37,4074.27,"Lower Skeena"
2006,2343.37,3810.21,6125.06,3735.92,4622.18,5780.04,"Lower Skeena"
2007,2132.59,3805.12,6777.9,1440.46,1857.87,2410.32,"Lower Skeena"
2008,1936.03,3186.9,5141.17,3605.73,4662.2,6342.48,"Lower Skeena"
2009,1382.07,2277.13,3820.57,1315.36,1742.24,2341.31,"Lower Skeena"
2010,1790.17,2829.19,4433.6,3846.65,4889.53,6323.56,"Lower Skeena"
2011,728.54,1213.16,2065.32,793.77,1061.27,1412.89,"Lower Skeena"
2012,934.83,1526.87,2463.49,2195.98,2751.13,3492.92,"Lower Skeena"
2013,1401.36,2344.06,4129.68,887.85,1178.17,1585.45,"Lower Skeena"
2014,1346.07,2154.67,3463.54,2544.19,3256.18,4213.73,"Lower Skeena"
2015,1117.2,1829.24,3149.11,608.93,822.68,1112.86,"Lower Skeena"
2016,485.51,817.27,1341.08,876.62,1168.6,1569.34,"Lower Skeena"
2017,610.27,1018.69,1696.2,598.44,824.51,1153.17,"Lower Skeena"
2018,1457.44,2264.64,3488.02,4139.6,5520.72,7627.29,"Lower Skeena"
2019,542.29,909.27,1508.76,732.6,1167.13,1909.73,"Lower Skeena"
2020,834.03,1311.96,2024.97,1867.6,3481.15,6955.11,"Lower Skeena"
1994,2698.71,4057.36,5993.4,3200.78,4053.89,5067.84,"Middle Nass"
1995,1380.32,2140.93,3212.14,3843.62,4695.69,5728.32,"Middle Nass"
1996,2260.48,3280.12,4727.26,6479.36,7863.48,9563.27,"Middle Nass"
1997,2517.99,3884.89,5708.75,3253.36,4029.52,4992.13,"Middle Nass"
1998,2325.18,3448.89,4964.22,6158.31,7414.35,8976.78,"Middle Nass"
1999,1309.79,2028.11,3082.21,2819.14,3468.3,4278.4,"Middle Nass"
2000,2111.02,2997.14,4231.8,5166.32,6197.88,7457.98,"Middle Nass"
2001,2490.39,3613.33,5094.54,3909.18,4780.56,5870.34,"Middle Nass"
2002,1896.5,2720.44,3876.25,6710.85,7955.53,9529.65,"Middle Nass"
2003,2385.85,3472.69,4900.55,2536.19,3232.07,4164.23,"Middle Nass"
2004,1744.39,2450.08,3396.23,5002.58,6213.05,7720.82,"Middle Nass"
2005,1729.09,2535.33,3673.66,2618.31,3245.23,4004.68,"Middle Nass"
2006,2338.2,3385.87,4782.63,2508.5,3097.19,3816.23,"Middle Nass"
2007,2993.55,3806.68,4843.45,2380.77,2919.3,3553.07,"Middle Nass"
2008,1994.7,3240.32,4954.02,1467.32,1796.86,2201.14,"Middle Nass"
2009,2436.48,3360.39,4562.74,3200.75,3803.12,4491.08,"Middle Nass"
2010,1713.47,2443.59,3326.63,4847.32,5808.1,6998.85,"Middle Nass"
2011,1170.47,1741.37,2534.96,3677.77,4498.39,5565.88,"Middle Nass"
2012,828.04,1228.41,1795.27,1313.87,1664.75,2096.33,"Middle Nass"
2013,1280.08,1642.01,2098.99,3278.27,3991.18,4892.54,"Middle Nass"
2014,1917.32,2521.45,3296.17,3874.56,4636.52,5623.07,"Middle Nass"
2015,1837.49,2737.95,3986.34,2985.17,3578.98,4280.89,"Middle Nass"
2016,1264.29,1902.73,2765.55,3747.09,4462.88,5306.79,"Middle Nass"
2017,853.98,1274.67,1889.82,1877.57,2296.41,2820.84,"Middle Nass"
2018,2063.76,2844.52,3886.7,2706.41,3254.61,3917.82,"Middle Nass"
2019,1793.99,2349.64,3068.04,2792.99,3353.37,4003.16,"Middle Nass"
2020,1937.36,2546.34,3324.21,3753.13,4604.14,5647.33,"Middle Nass"
2021,1343.61,1878.93,2582.12,2592.59,3700.02,5295.66,"Middle Nass"
1984,2195.35,4030.52,7082.05,21838.2,27157.26,33525.07,"Middle Skeena"
1985,1808.1,3238.25,5871.84,4237.34,5648.18,7446.68,"Middle Skeena"
1986,3073.53,5152.49,8730.33,23955.29,29215.73,35804.36,"Middle Skeena"
1987,9405.72,15229.84,24549.47,18929.24,23626.61,29702.4,"Middle Skeena"
1988,6696.69,10812.25,17012.98,40446.46,50411.07,62011.74,"Middle Skeena"
1989,6587.83,10807.71,17719.11,17375.58,22120.87,27810.07,"Middle Skeena"
1990,3100.63,5262.16,8669.9,12569.33,15993.35,20296.93,"Middle Skeena"
1991,3924.95,6411.15,10405.35,21619.45,27137.37,33871.77,"Middle Skeena"
1992,7266.85,12133.07,19879.58,17382.03,21921.64,27740.01,"Middle Skeena"
1993,11053.35,17296.77,26708.28,23927.18,29517.67,36517.71,"Middle Skeena"
1994,9457.72,15864.5,25629.08,14102.43,17842.1,22583.71,"Middle Skeena"
1995,5606.28,9207.83,14793.16,21143.6,26280.19,32788.64,"Middle Skeena"
1996,8401.96,13087.39,19860.39,43487.68,54288.13,67701.67,"Middle Skeena"
1997,6425.49,11011.01,18995.24,14392.36,18167.64,23340.85,"Middle Skeena"
1998,6544,10689.33,16867.21,34390.69,42390.31,52613.92,"Middle Skeena"
1999,4175.73,7272.99,12709.64,8933.65,11568.35,14897.94,"Middle Skeena"
2000,8194.46,13272.16,20894.35,25059.5,30818.56,37835.11,"Middle Skeena"
2001,10306.1,18004.43,30476.49,10717.58,13804.46,17834.02,"Middle Skeena"
2002,5714.4,9430.81,15294.51,36191.91,44658.59,56655.99,"Middle Skeena"
2003,8131.41,13985.95,23526.25,12614.62,16241.19,21025.49,"Middle Skeena"
2004,9309.04,14662.73,22477.1,23907,29800.43,37763.74,"Middle Skeena"
2005,5258.15,8907.98,15166.15,8924.54,11562.77,15091.61,"Middle Skeena"
2006,6427.06,10592.62,17156.01,10805.29,13412.65,16601.86,"Middle Skeena"
2007,7345.21,12985.86,23159.34,6446.96,8139.07,10396.14,"Middle Skeena"
2008,6240.16,10279.36,17201.61,11218.87,14487.01,19313.34,"Middle Skeena"
2009,6010.48,10578.78,18707.02,5987.83,7750.87,10153.67,"Middle Skeena"
2010,6399.74,10165.53,16077.35,12078.62,15153.99,19254.8,"Middle Skeena"
2011,2221.07,3758.25,6283.61,4617.94,6017.44,7897.35,"Middle Skeena"
2012,2535.74,4188.88,6959.59,4844.01,6359.7,8422.53,"Middle Skeena"
2013,4743.66,7912.74,13284.42,5270.4,7023.33,9508.53,"Middle Skeena"
2014,4426.08,7103.41,11268.35,7314.91,9245.74,11889.85,"Middle Skeena"
2015,2755.1,4753.66,8447.06,2197.76,3010.48,4149.26,"Middle Skeena"
2016,1743.09,2856.22,4738.38,3359.87,4436.14,5871.06,"Middle Skeena"
2017,1900.55,3110.42,5000.85,5729.36,7294.49,9316.28,"Middle Skeena"
2018,3635.8,5880.16,9429.68,9843.79,12757.44,16989.3,"Middle Skeena"
2019,1552.03,2644.63,4499.61,4046.55,5906.24,8997.72,"Middle Skeena"
2020,1598.87,2705.17,4342.93,6029.6,10854.03,21306.1,"Middle Skeena"
1994,15785.29,19734.68,24698.24,17151.1,20642.81,24649.03,"Upper Nass"
1995,6540.48,8743.61,11637.29,19522.68,22945.13,27157.82,"Upper Nass"
1996,13175.49,17317.77,22630.81,35634.52,40962.66,47048.24,"Upper Nass"
1997,15652.82,18196.32,21244.17,17177.79,20421.51,24413.24,"Upper Nass"
1998,17348.42,20220.03,23641.3,33764.59,39233.68,45693.94,"Upper Nass"
1999,9121.75,10795.22,12731.24,14742.19,17861.73,21492.2,"Upper Nass"
2000,11993.3,15087.01,18941.3,24987.34,29254.19,34161.23,"Upper Nass"
2001,19570.93,22632.44,26181.73,18752.28,22207.89,26215.78,"Upper Nass"
2002,10199.58,12899.45,16198.64,29833.19,34956.97,40855.25,"Upper Nass"
2003,17147.39,21552.11,26825.98,12762.58,15577.53,18802.41,"Upper Nass"
2004,9297.05,12033.33,15562.53,28984.27,33675.99,39175.82,"Upper Nass"
2005,8977.92,11472.48,14631.37,15657.53,18823.9,22864.9,"Upper Nass"
2006,14005.6,17205.94,21181.6,15846.94,18716.98,22233.8,"Upper Nass"
2007,12603.78,15774.05,19653.2,15462.66,17752.01,20451.69,"Upper Nass"
2008,12676.4,16595.74,21402.45,8121.58,9752.48,11573.65,"Upper Nass"
2009,16478.88,20050.93,24323.51,15396.37,17894.57,20914.28,"Upper Nass"
2010,10458.13,14101.47,19056.47,24213.99,28064.28,32398.73,"Upper Nass"
2011,8266.93,9489.12,10838.77,18782.74,21807.73,25244.56,"Upper Nass"
2012,7359.44,8099.62,8915.71,6068.16,7444.49,9069.76,"Upper Nass"
2013,6900.33,7848.43,8950.55,14408.41,17024.4,20153.27,"Upper Nass"
2014,9467.07,11584.41,14159.66,16693.19,19676.76,23137.83,"Upper Nass"
2015,13172.15,15450.68,18050.84,12441.53,14492.49,16893.22,"Upper Nass"
2016,7783.96,9100.8,10680.79,18647.46,21054.33,23922.84,"Upper Nass"
2017,3976.94,5305.65,7106.83,10226.53,12020.38,14091.45,"Upper Nass"
2018,9980.24,12858.17,16532.75,13074.87,15089.13,17403.19,"Upper Nass"
2019,7907.29,9302.79,10848.38,11921.41,13812.61,15964.6,"Upper Nass"
2020,9154.06,10400.42,11800.64,16550.87,19258.82,22530.85,"Upper Nass"
2021,9036.44,10072.88,11233.58,11500.84,15556.56,21416.51,"Upper Nass"
1984,1099.83,1932.23,3313.4,6453.73,8055.25,10094.17,"Upper Skeena"
1985,802.35,1394.04,2545.77,3083.87,4004.58,5190.49,"Upper Skeena"
1986,944.86,1563.7,2557.6,11989.85,14618.22,17756.53,"Upper Skeena"
1987,2455.31,4381.53,7705.09,7422.9,9625.12,12389.93,"Upper Skeena"
1988,2329.85,3639.91,5583.77,16330.95,20046.87,24805.52,"Upper Skeena"
1989,1488.68,2585.53,4442.92,9297.89,12042.53,15451.11,"Upper Skeena"
1990,1255.99,2135.51,3611.8,9667.22,12250.03,15364.74,"Upper Skeena"
1991,1849.38,3034.62,4906.73,20992.75,26045.99,32226.46,"Upper Skeena"
1992,3365.01,5572.37,8872.41,12615.46,15940.95,19908.8,"Upper Skeena"
1993,4558.34,7306.64,11164.17,11175.16,13826.61,17134.37,"Upper Skeena"
1994,3903.92,6871.15,11209.59,6923.78,8599.57,10805.05,"Upper Skeena"
1995,4156.55,7309.71,11469.59,7939.95,10078.03,12824.07,"Upper Skeena"
1996,5417.86,8293.59,12923.46,19081.26,23715.62,29737.78,"Upper Skeena"
1997,4567.36,9371.02,14878.06,5215,6730.86,8712.83,"Upper Skeena"
1998,3320.23,5294.08,8446.03,14325.04,17698.37,21996.36,"Upper Skeena"
1999,1717.59,3135.24,5914.53,5359.03,6781.13,8588.64,"Upper Skeena"
2000,3067.93,5069.51,8202.75,7056.06,8876.57,11211.24,"Upper Skeena"
2001,4927.25,8391.84,13223.02,5258.49,6688.39,8547.14,"Upper Skeena"
2002,2099.54,3544.27,5974.2,11323.43,14013.71,17219.72,"Upper Skeena"
2003,3414.48,6075.23,9978.35,6514.62,8579.33,11402.04,"Upper Skeena"
2004,3756.84,5831.69,8980.49,11226.08,14008.65,17556.87,"Upper Skeena"
2005,2260.21,3899.17,6923.19,3263.66,4253.24,5622.3,"Upper Skeena"
2006,1946.45,3369.39,5917.16,2645.42,3349.95,4251.01,"Upper Skeena"
2007,2791.09,4507.34,7130.62,3866.95,4758.04,5935.42,"Upper Skeena"
2008,2355.4,4640,8965.38,1577.61,2036.54,2678.83,"Upper Skeena"
2009,3165.09,5121.03,8026.59,3086.41,4008.82,5342.59,"Upper Skeena"
2010,2428.48,4169.59,7044.5,2424.26,3061.95,3873.1,"Upper Skeena"
2011,893.51,1438.92,2320.16,2466.53,3094.02,3928.46,"Upper Skeena"
2012,1072.58,1723.17,2784.64,2786.77,3561.05,4564.33,"Upper Skeena"
2013,1070.41,1711.52,2838.81,1686.36,2201.15,2893.5,"Upper Skeena"
2014,1600.14,2474.38,3915.1,3029.23,3779.7,4784.99,"Upper Skeena"
2015,838.4,1400.73,2367.95,1101.99,1472.11,1993.98,"Upper Skeena"
2016,843.59,1366.69,2221.65,1663.08,2159.88,2791.32,"Upper Skeena"
2017,1064.06,1681.19,2665.23,3289.43,4172.69,5373.77,"Upper Skeena"
2018,1201.5,1898.11,2990.97,5072.09,6610.58,8781.12,"Upper Skeena"
2019,654.05,1090.32,1801.25,2917.07,4225.76,6538.82,"Upper Skeena"
2020,919.83,1474.9,2327,3210.84,5984.59,11829.92,"Upper Skeena"
1984,355.43,634.6,1152.7,1636.48,2175.25,2891.87,"Zymoetz"
1985,629.11,1107.95,1973.47,481.11,730.18,1082.91,"Zymoetz"
1986,728,1243.17,2079.01,5411.33,6713.77,8396.08,"Zymoetz"
1987,2339.23,3712.19,5815.73,8975.92,11100.33,13922.68,"Zymoetz"
1988,1368.73,2276.99,3747.74,3304.87,4203.92,5385.33,"Zymoetz"
1989,270.64,460.12,780.19,1507.74,1962.59,2561.16,"Zymoetz"
1990,879.84,1472.85,2387.84,4030.59,4971.61,6123.04,"Zymoetz"
1991,1263.09,2105.96,3453.83,2845.69,3597.82,4592.34,"Zymoetz"
1992,2816.84,4805.81,7910.02,1765.87,2324.62,3074.07,"Zymoetz"
1993,1724.53,2906.45,4825.09,2604.57,3278.6,4155.27,"Zymoetz"
1994,983.14,1626.64,2685.06,1863.8,2433.73,3168.37,"Zymoetz"
1995,1056.39,1711.63,2730.78,4067.58,5146.83,6584.43,"Zymoetz"
1996,1477.36,2404.04,3770.01,11486.34,14554.44,18760.12,"Zymoetz"
1997,1036.78,1753.18,2870.69,3205.99,4218.84,5537.46,"Zymoetz"
1998,1041.25,1683.41,2684.28,6803.34,8577.82,10922.28,"Zymoetz"
1999,966.5,1650.52,2884.35,902.77,1282.45,1807.83,"Zymoetz"
2000,1920.09,3131.01,5044.45,6789.02,8398,10510.63,"Zymoetz"
2001,2891.2,5170.11,8894.67,1573.5,2121.01,2843.12,"Zymoetz"
2002,1646.81,2679.52,4307.3,7893.11,9888.78,12565.29,"Zymoetz"
2003,1905.92,3199.07,5275.89,3023.28,3831.82,4923.18,"Zymoetz"
2004,2117.16,3466.33,5561.28,3016.18,3798.5,4806.07,"Zymoetz"
2005,1452.52,2446.08,4111.03,1922.21,2508.6,3307.48,"Zymoetz"
2006,1721.46,2863.74,4670.1,3865.03,4834.79,6133.3,"Zymoetz"
2007,1684.66,2970.22,5149.4,1726.6,2190.97,2808.13,"Zymoetz"
2008,1117.38,1874.43,3207.65,1661.43,2171.36,2902.23,"Zymoetz"
2009,1121.34,1880.77,3108.82,1562.27,2017.63,2666.42,"Zymoetz"
2010,1649.92,2661.61,4282.63,2482.63,3167.12,4137.56,"Zymoetz"
2011,790.47,1402.22,2521.51,408.88,537.62,715.2,"Zymoetz"
2012,663.65,1117,1857.26,1001.72,1285.9,1675.67,"Zymoetz"
2013,868.16,1459.99,2480.61,794.14,1075.58,1485.94,"Zymoetz"
2014,893.5,1486.82,2440.05,1575.83,2068.25,2772.86,"Zymoetz"
2015,862.27,1432.05,2439.3,681.38,923.06,1284.63,"Zymoetz"
2016,219.78,375.25,630.51,225.75,310.63,426.33,"Zymoetz"
2017,290.6,484.43,798.76,359.68,494.36,685.16,"Zymoetz"
2018,987.16,1563.15,2457.12,2980.61,3901.36,5163.48,"Zymoetz"
2019,642.05,1065.93,1758.32,1640.87,2370.58,3761.2,"Zymoetz"
2020,359.42,617.34,1048.28,180.71,599.99,1793.81,"Zymoetz"
