"brood_year","lwr","mid","upr","CU","model"
1984,3.56622537304896,6.62343199215111,12.2431073641507,"Kitsumkalum","spw"
1985,3.49283285166877,6.37644365790413,11.3938548026645,"Kitsumkalum","spw"
1986,3.51254151990266,6.45971228127597,11.5505305464169,"Kitsumkalum","spw"
1987,3.53768349103846,6.52477648890593,11.6930695891566,"Kitsumkalum","spw"
1988,3.44210292264569,6.28957125803373,11.278837758011,"Kitsumkalum","spw"
1989,3.1973851230308,5.77334360226845,10.3608346855541,"Kitsumkalum","spw"
1990,3.06136429318367,5.41857471254504,9.57667744573779,"Kitsumkalum","spw"
1991,2.96650088333174,5.19800712065228,9.15011817035313,"Kitsumkalum","spw"
1992,2.87281822496643,5.11976204487004,9.03232966307267,"Kitsumkalum","spw"
1993,3.08594519920687,5.3454492379776,9.19300848858546,"Kitsumkalum","spw"
1994,3.35401844546318,5.70941574805682,9.59269028110358,"Kitsumkalum","spw"
1995,3.69248253952912,6.37941964158089,10.6271576226683,"Kitsumkalum","spw"
1996,3.88414935704555,6.69269071294532,11.098246788839,"Kitsumkalum","spw"
1997,3.87334599541251,6.61812133289942,10.826432627486,"Kitsumkalum","spw"
1998,3.91114377239002,6.78772914009322,11.461298881818,"Kitsumkalum","spw"
1999,3.6636020674309,6.32903820026214,10.5784550345933,"Kitsumkalum","spw"
2000,3.53153038486264,6.23520487358922,10.6245924382451,"Kitsumkalum","spw"
2001,3.20925599849775,5.752084263581,10.0621337814649,"Kitsumkalum","spw"
2002,3.14259687901162,5.59250369187826,9.86326683708535,"Kitsumkalum","spw"
2003,2.83849471752185,5.12699998810555,9.09878908653038,"Kitsumkalum","spw"
2004,2.78483678034973,4.91902169216469,8.68982599537088,"Kitsumkalum","spw"
2005,2.67009398476389,4.61680027938829,7.97102200368805,"Kitsumkalum","spw"
2006,2.76003414426557,4.63972287476482,7.85157738518915,"Kitsumkalum","spw"
2007,2.61821025963073,4.39630643072937,7.39207779722199,"Kitsumkalum","spw"
2008,2.63134549944221,4.32924034090431,7.18758051845178,"Kitsumkalum","spw"
2009,2.52749514874197,4.17949511272124,6.78039455493199,"Kitsumkalum","spw"
2010,2.55118011222498,4.21432611967392,6.83261915801569,"Kitsumkalum","spw"
2011,2.37647766003479,3.84852797682241,6.19274228465076,"Kitsumkalum","spw"
2012,2.07616250948084,3.33709132358612,5.39161834278437,"Kitsumkalum","spw"
2013,1.90270971986679,3.07302387684542,4.99929716755082,"Kitsumkalum","spw"
2014,1.87253014285223,2.99441403320105,4.83031527356577,"Kitsumkalum","spw"
2015,1.66239149071238,2.72817098244549,4.49153606365294,"Kitsumkalum","spw"
2016,1.66356212141281,2.69115586771037,4.33159736859872,"Kitsumkalum","spw"
2017,1.68263385899076,2.7095090827981,4.34479925932643,"Kitsumkalum","spw"
2018,1.79619163355254,2.87562648272317,4.6110899137513,"Kitsumkalum","spw"
2019,1.73423921735626,2.83700931484892,4.58845389236856,"Kitsumkalum","spw"
2020,1.78134107146466,3.00864103516153,5.07127062461491,"Kitsumkalum","spw"
2021,1.70181328910053,3.01104138369942,5.29010960507945,"Kitsumkalum","spw"
2022,1.63679601585919,2.99884833530272,5.55999638753047,"Kitsumkalum","spw"
2023,1.5907989551705,3.00374863438089,5.78901047793189,"Kitsumkalum","spw"
2024,1.54413570674082,2.97550584396788,5.94761663837409,"Kitsumkalum","spw"
1984,4.38396690649497,7.41315080029733,12.4419062759798,"Large Lakes","spw"
1985,4.31189003265014,7.12416583826234,11.585984785953,"Large Lakes","spw"
1986,4.64187932995854,7.67463174068851,12.6377788322365,"Large Lakes","spw"
1987,4.74663922865126,7.99638611925773,13.4130518189416,"Large Lakes","spw"
1988,4.74164549931739,8.00647287675089,13.4793965615703,"Large Lakes","spw"
1989,4.56156012682635,7.71645091280421,13.1025023911458,"Large Lakes","spw"
1990,4.49418291546199,7.51225980414303,12.6436055151098,"Large Lakes","spw"
1991,4.36448557524036,7.40610455982242,12.8604054365063,"Large Lakes","spw"
1992,3.98891017236596,6.93759200611833,12.1252444805851,"Large Lakes","spw"
1993,3.81346489280322,6.65059153192386,11.8406096621957,"Large Lakes","spw"
1994,3.76071787103582,6.45925319309668,11.5103768883264,"Large Lakes","spw"
1995,3.77567944929749,6.48689095653989,11.4356223969841,"Large Lakes","spw"
1996,3.74062277612608,6.44908145317351,11.385905238237,"Large Lakes","spw"
1997,3.57077587256446,6.05085203919654,10.4709460717481,"Large Lakes","spw"
1998,3.59112795340448,6.0971843565929,10.4471791661134,"Large Lakes","spw"
1999,3.40524327918882,5.67514245140886,9.75299469901125,"Large Lakes","spw"
2000,3.30337694250369,5.55097645643264,9.6312865615528,"Large Lakes","spw"
2001,3.04645805597671,5.08078112510888,8.90453205107893,"Large Lakes","spw"
2002,2.95884929943663,4.90477045110913,8.71141305938035,"Large Lakes","spw"
2003,2.67540454685301,4.48903510240672,8.03337982001703,"Large Lakes","spw"
2004,2.65645262558128,4.39711805216155,7.72402558542327,"Large Lakes","spw"
2005,2.47482297803646,3.99978327704228,6.72955751135139,"Large Lakes","spw"
2006,2.34623663307282,3.71718386671584,6.07949307747274,"Large Lakes","spw"
2007,2.09166350523472,3.3326189085592,5.30940408770779,"Large Lakes","spw"
2008,2.02071567771137,3.14890494249911,5.00526537110387,"Large Lakes","spw"
2009,1.98739922728169,3.05566239381737,4.8240993306525,"Large Lakes","spw"
2010,2.06059948772321,3.12699131593344,4.91708612960508,"Large Lakes","spw"
2011,2.01374515760112,3.03986243809711,4.61512701309663,"Large Lakes","spw"
2012,1.93268693207811,2.85460042167461,4.28000528874936,"Large Lakes","spw"
2013,1.83400369111678,2.70280476648264,3.9840486542155,"Large Lakes","spw"
2014,1.81705656931777,2.68318001516118,3.95713845066078,"Large Lakes","spw"
2015,1.73784767731458,2.59567387825607,3.81134861155425,"Large Lakes","spw"
2016,1.85538089633326,2.70126521998091,3.94501156203973,"Large Lakes","spw"
2017,1.94418872381979,2.83542914637961,4.16916364278739,"Large Lakes","spw"
2018,1.97670210319088,2.92236807725426,4.36895545254318,"Large Lakes","spw"
2019,1.94393173662787,2.94231228425394,4.53363736647856,"Large Lakes","spw"
2020,1.96564680238744,3.10158390572529,5.11189841740663,"Large Lakes","spw"
2021,1.86081045191159,3.11126036489331,5.32742066375382,"Large Lakes","spw"
2022,1.78237572227723,3.10959440739468,5.56862167513895,"Large Lakes","spw"
2023,1.73312981971847,3.07988708503613,5.78118171538741,"Large Lakes","spw"
2024,1.6563416453534,3.07948581948032,6.02611430672626,"Large Lakes","spw"
1994,1.50410312054976,2.95252290601093,5.99864231450573,"Lower Nass","spw"
1995,1.67757602236315,3.12777178566657,5.88358279937639,"Lower Nass","spw"
1996,1.82900453065218,3.38902717018114,6.3789534095546,"Lower Nass","spw"
1997,1.77093991386047,3.19716206015669,5.92812347789452,"Lower Nass","spw"
1998,1.89014134750729,3.35429951601895,6.19274195121368,"Lower Nass","spw"
1999,1.8308878915396,3.19812493936867,5.70874334441252,"Lower Nass","spw"
2000,1.93220981056508,3.44076413053833,6.37634988476839,"Lower Nass","spw"
2001,1.88933759116376,3.39519116267052,6.43958301992511,"Lower Nass","spw"
2002,1.90941688233532,3.40622931161067,6.40795065302114,"Lower Nass","spw"
2003,1.64838356657173,2.89740388043519,5.41214533133666,"Lower Nass","spw"
2004,1.65691965901171,2.87805808720843,5.38107442810057,"Lower Nass","spw"
2005,1.44183259002563,2.45455318125619,4.61718362667502,"Lower Nass","spw"
2006,1.32835339439697,2.27518034188903,4.29467836205657,"Lower Nass","spw"
2007,1.25044645065208,2.12438759564141,3.97132588660867,"Lower Nass","spw"
2008,1.14771521220245,1.955338008456,3.56923029122783,"Lower Nass","spw"
2009,1.29032363562766,2.12389744961036,3.78602433868101,"Lower Nass","spw"
2010,1.4276711693191,2.30308129671525,3.97516836926593,"Lower Nass","spw"
2011,1.40093801192479,2.2132404416561,3.65097615157039,"Lower Nass","spw"
2012,1.2710510149257,2.0049698792377,3.27177170275319,"Lower Nass","spw"
2013,1.51291970406941,2.29968463847451,3.66730506783633,"Lower Nass","spw"
2014,1.64527773401221,2.52840633850179,4.04919651562898,"Lower Nass","spw"
2015,1.7552897517854,2.71206279636986,4.25688986872005,"Lower Nass","spw"
2016,2.08183344278681,3.11736942321881,4.88557710142318,"Lower Nass","spw"
2017,2.21140004481493,3.34347691809795,5.23164847623095,"Lower Nass","spw"
2018,2.42865944852656,3.84299033891876,6.29573523606347,"Lower Nass","spw"
2019,2.75738538615605,4.5708166868828,8.01299877191118,"Lower Nass","spw"
2020,3.07900227831692,5.5539011536655,10.5627887328309,"Lower Nass","spw"
2021,3.15586517147906,5.92550817813529,11.8027309691766,"Lower Nass","spw"
2022,3.012009706339,5.81186722016132,12.874463385455,"Lower Nass","spw"
2023,2.86229849806131,5.80362603335376,13.5234550330766,"Lower Nass","spw"
2024,2.71814571037815,5.74658342357725,14.3411370189445,"Lower Nass","spw"
2025,2.60983967938708,5.71902297798197,15.0065505724692,"Lower Nass","spw"
1984,2.34844338512987,4.10180997519849,7.56772863642007,"Lower Skeena","spw"
1985,2.34448929776472,3.97193140359788,7.19490581202216,"Lower Skeena","spw"
1986,2.48746216294166,4.26725461588642,7.80643476421975,"Lower Skeena","spw"
1987,2.46334216517541,4.19831964105907,7.82803052594271,"Lower Skeena","spw"
1988,2.41417543565034,4.08823958322912,7.39376397721373,"Lower Skeena","spw"
1989,2.40014045540647,4.07770883224855,7.26778516639324,"Lower Skeena","spw"
1990,2.39216502671592,4.05193168543883,7.28180314860485,"Lower Skeena","spw"
1991,2.45227357423285,4.19041859555598,7.60468526362043,"Lower Skeena","spw"
1992,2.39176668215862,4.09225456905796,7.72409408789893,"Lower Skeena","spw"
1993,2.44284031569682,4.24250445705711,8.06373837092739,"Lower Skeena","spw"
1994,2.58702432892021,4.48436794784688,8.71930746483997,"Lower Skeena","spw"
1995,2.69874606716291,4.83380262825344,9.75815510669591,"Lower Skeena","spw"
1996,2.72789324222469,4.95027894913694,10.0980601120106,"Lower Skeena","spw"
1997,2.6109718803703,4.65811329919706,9.11035354581715,"Lower Skeena","spw"
1998,2.45975904427192,4.4445464502248,8.91916994530266,"Lower Skeena","spw"
1999,2.19204908290035,3.91490206901007,7.866447581089,"Lower Skeena","spw"
2000,2.17881456664515,3.98806286705492,8.27951208580453,"Lower Skeena","spw"
2001,2.11522763191826,3.92595905642593,8.33099966568252,"Lower Skeena","spw"
2002,2.09038173798221,3.90877652568238,8.43303851435262,"Lower Skeena","spw"
2003,1.93106241123032,3.54577432497811,7.57266645499812,"Lower Skeena","spw"
2004,1.80711313378786,3.25971489778379,6.60770188111212,"Lower Skeena","spw"
2005,1.69877471248023,2.97359683253969,5.78454346379107,"Lower Skeena","spw"
2006,1.57645310107877,2.770116580865,5.32638325464522,"Lower Skeena","spw"
2007,1.45337056145006,2.52729908782242,4.70413553555312,"Lower Skeena","spw"
2008,1.42957305497923,2.42860853469801,4.45167662935165,"Lower Skeena","spw"
2009,1.37204531926533,2.2507186203255,3.95999847888856,"Lower Skeena","spw"
2010,1.3617702304441,2.18489028127972,3.74269495502194,"Lower Skeena","spw"
2011,1.23217597184904,1.99289902180564,3.35270660752732,"Lower Skeena","spw"
2012,1.21177723044617,1.93528293826833,3.17201467225724,"Lower Skeena","spw"
2013,1.13301044653404,1.79835336509604,2.86766339884605,"Lower Skeena","spw"
2014,1.1395417669851,1.78430287732832,2.83530936487432,"Lower Skeena","spw"
2015,1.06195377690622,1.68749968879115,2.67988198049427,"Lower Skeena","spw"
2016,1.13448962718175,1.75779764597184,2.71393964498554,"Lower Skeena","spw"
2017,1.16280276123321,1.80981144024567,2.84760811922615,"Lower Skeena","spw"
2018,1.27492016435925,2.00297733840842,3.28230226702417,"Lower Skeena","spw"
2019,1.25724395254781,2.02879746820591,3.43219069400969,"Lower Skeena","spw"
2020,1.27267280230262,2.12153323969669,3.79809712973255,"Lower Skeena","spw"
2021,1.20632357794893,2.11057226265724,4.01166217467736,"Lower Skeena","spw"
2022,1.15257257001518,2.11337178496428,4.21040136689025,"Lower Skeena","spw"
2023,1.10870150235314,2.10757443225548,4.42830049732744,"Lower Skeena","spw"
2024,1.06375977022828,2.09758952895149,4.49294199061685,"Lower Skeena","spw"
1994,3.21832555186226,5.55234953515481,9.30448531297969,"Middle Nass","spw"
1995,3.33895937619868,5.67234200155693,9.30263316160126,"Middle Nass","spw"
1996,3.41802357703566,5.84841595288727,9.61334041902581,"Middle Nass","spw"
1997,3.33942974750894,5.70717412622674,9.32765471368484,"Middle Nass","spw"
1998,3.34841770563103,5.73884043270815,9.37210519645904,"Middle Nass","spw"
1999,3.25987263265949,5.5011641644404,8.74894845874297,"Middle Nass","spw"
2000,3.25661915606927,5.52752318285452,9.00299931047422,"Middle Nass","spw"
2001,3.13370204385109,5.41497584424449,8.91547293431026,"Middle Nass","spw"
2002,3.07177405240726,5.324457338863,8.82936812640637,"Middle Nass","spw"
2003,2.856607874,4.93113185045092,7.98941887010973,"Middle Nass","spw"
2004,2.78710694289625,4.71881130416265,7.62389467426646,"Middle Nass","spw"
2005,2.56915992863538,4.25976756148208,6.81277647121521,"Middle Nass","spw"
2006,2.39511765412237,3.99184618088147,6.41046854988469,"Middle Nass","spw"
2007,2.28242316788961,3.82837836225204,6.13219858268904,"Middle Nass","spw"
2008,2.24163910568741,3.71802243859577,5.91653671787095,"Middle Nass","spw"
2009,2.4394601962607,3.91737480803975,6.04998175859495,"Middle Nass","spw"
2010,2.62597740992225,4.06800028375156,6.21776541909085,"Middle Nass","spw"
2011,2.64139581565442,4.01512351335194,5.94097239824674,"Middle Nass","spw"
2012,2.55068343459268,3.7905480601949,5.58994205341549,"Middle Nass","spw"
2013,2.65474801449722,3.95720262128115,5.76636602674208,"Middle Nass","spw"
2014,2.66504128351587,4.00890057431616,5.87784784776852,"Middle Nass","spw"
2015,2.63423258672517,3.95211531765316,5.75336265793179,"Middle Nass","spw"
2016,2.64854723663231,3.93008071342708,5.75210562165694,"Middle Nass","spw"
2017,2.53972698312041,3.77697466480654,5.50799562720075,"Middle Nass","spw"
2018,2.50256417109594,3.76796419662181,5.58698401139686,"Middle Nass","spw"
2019,2.53651714279847,3.81229320225578,5.68866453287828,"Middle Nass","spw"
2020,2.55900268414652,3.91746211878915,5.89735429301104,"Middle Nass","spw"
2021,2.52183949999118,3.91631722428471,6.0258821106091,"Middle Nass","spw"
2022,2.42835182124083,3.92130304291565,6.25673714335212,"Middle Nass","spw"
2023,2.36443329426665,3.91542140065607,6.42202069719166,"Middle Nass","spw"
2024,2.30879488184696,3.90583107090384,6.51499074133298,"Middle Nass","spw"
2025,2.25153091788776,3.88862898455024,6.66070975892578,"Middle Nass","spw"
1984,4.12533809468821,6.45505922989727,10.0206312085743,"Middle Skeena","spw"
1985,4.01433599382221,6.07695621792498,9.19716993178623,"Middle Skeena","spw"
1986,4.35541785784552,6.59577231447516,9.93848201339581,"Middle Skeena","spw"
1987,4.40906842497485,6.63258420306313,10.1167703253423,"Middle Skeena","spw"
1988,4.48726648877992,6.89179723827425,10.6731787291641,"Middle Skeena","spw"
1989,4.27979175513067,6.50226480693825,9.92557684348991,"Middle Skeena","spw"
1990,4.20668751104505,6.35406147108681,9.60827982248573,"Middle Skeena","spw"
1991,4.20254936672975,6.41785997102155,9.90256436314167,"Middle Skeena","spw"
1992,4.03651237755852,6.26664925536797,9.91149344457606,"Middle Skeena","spw"
1993,4.00459931444634,6.29693738433996,10.2134681637451,"Middle Skeena","spw"
1994,3.92239947504423,6.18255349478107,10.0609583196947,"Middle Skeena","spw"
1995,4.01412435871531,6.41455460867276,10.360098967925,"Middle Skeena","spw"
1996,4.12481149082711,6.6041941275115,10.9238745734808,"Middle Skeena","spw"
1997,3.86817744853412,6.1194084188504,10.0592467573432,"Middle Skeena","spw"
1998,3.80750514940126,6.03796912037609,9.8454975792037,"Middle Skeena","spw"
1999,3.49554258269746,5.46926635682596,8.8002396154121,"Middle Skeena","spw"
2000,3.44051163461512,5.44866949706294,9.00372868207964,"Middle Skeena","spw"
2001,3.22499360518236,5.1978575849811,8.83214973286432,"Middle Skeena","spw"
2002,3.23765714910623,5.23403199407808,8.8039805554609,"Middle Skeena","spw"
2003,2.9411681590579,4.66566399486297,7.72365195762325,"Middle Skeena","spw"
2004,2.756545660141,4.33437982175121,7.02307716663871,"Middle Skeena","spw"
2005,2.37724847008897,3.73648299214294,5.85493641988917,"Middle Skeena","spw"
2006,2.15121793039808,3.36286757220631,5.19366288612758,"Middle Skeena","spw"
2007,1.95778255285942,3.02390302630241,4.65991648936869,"Middle Skeena","spw"
2008,1.89595830263263,2.89574236781533,4.43843575192982,"Middle Skeena","spw"
2009,1.77783228503419,2.67136845855598,4.04178409563511,"Middle Skeena","spw"
2010,1.7747799418805,2.62374903703534,3.89646255294991,"Middle Skeena","spw"
2011,1.67085189810646,2.44564479228633,3.5518556049959,"Middle Skeena","spw"
2012,1.5799056959493,2.31909285085897,3.31712519790043,"Middle Skeena","spw"
2013,1.52483235507685,2.21502030308327,3.18506688653114,"Middle Skeena","spw"
2014,1.52541125566465,2.18285262353903,3.1322951597053,"Middle Skeena","spw"
2015,1.44195914389764,2.10880989625361,3.01123685346774,"Middle Skeena","spw"
2016,1.60230848236863,2.26493059442119,3.22249028987913,"Middle Skeena","spw"
2017,1.76592671897046,2.49498479854916,3.5855078612298,"Middle Skeena","spw"
2018,1.8505716139517,2.67369894786083,3.96693953112282,"Middle Skeena","spw"
2019,1.84448506454264,2.76008846035036,4.28099203843674,"Middle Skeena","spw"
2020,1.83900761777215,2.8846029109532,4.77243826032501,"Middle Skeena","spw"
2021,1.74103378482488,2.8770570893184,5.13837793766976,"Middle Skeena","spw"
2022,1.67442744567712,2.88447108633971,5.35557965073607,"Middle Skeena","spw"
2023,1.57091578220973,2.88108451055525,5.6008296375341,"Middle Skeena","spw"
2024,1.52303420886695,2.875731389496,5.7528091025942,"Middle Skeena","spw"
1994,3.20393855973948,5.21912503415176,8.27409363418532,"Upper Nass","spw"
1995,3.29779329550003,5.32541680478497,8.33642142452653,"Upper Nass","spw"
1996,3.34855435352112,5.46293807303143,8.63965734656137,"Upper Nass","spw"
1997,3.29923590292313,5.32152145110041,8.39117682427135,"Upper Nass","spw"
1998,3.31163550261584,5.37402346280436,8.42070425809533,"Upper Nass","spw"
1999,3.21870955201232,5.13184272988509,7.88897567837372,"Upper Nass","spw"
2000,3.20768515563157,5.09694326309103,7.88561427002479,"Upper Nass","spw"
2001,3.13792301585398,4.99559290959315,7.78801013308568,"Upper Nass","spw"
2002,3.090314942294,4.92190086720244,7.69279106571858,"Upper Nass","spw"
2003,2.9261949873648,4.65780058226219,7.27532614009955,"Upper Nass","spw"
2004,2.90687875885627,4.569640259866,6.96294976087598,"Upper Nass","spw"
2005,2.77469121304271,4.23566518251419,6.35989964470689,"Upper Nass","spw"
2006,2.64266680824837,4.00295485038427,6.00234555174096,"Upper Nass","spw"
2007,2.52552213502811,3.79123391309805,5.68935570974599,"Upper Nass","spw"
2008,2.42194094276573,3.62490357292241,5.39126901826411,"Upper Nass","spw"
2009,2.4995544766143,3.68029464891013,5.4319517060235,"Upper Nass","spw"
2010,2.55608760902669,3.7244882717457,5.43974634359885,"Upper Nass","spw"
2011,2.5260393809086,3.60508394364443,5.11269981480709,"Upper Nass","spw"
2012,2.39219243042539,3.38184800543112,4.72336994135839,"Upper Nass","spw"
2013,2.45805958360676,3.44775308975148,4.81575450713881,"Upper Nass","spw"
2014,2.47476903948337,3.47210883351035,4.82324634352132,"Upper Nass","spw"
2015,2.45163200177168,3.43192626648326,4.76191169844367,"Upper Nass","spw"
2016,2.48843461623017,3.46860511580372,4.80395711949763,"Upper Nass","spw"
2017,2.45633416019247,3.40661581648297,4.69079547767548,"Upper Nass","spw"
2018,2.42422942690104,3.35554547692262,4.5833241520159,"Upper Nass","spw"
2019,2.3882418282942,3.32989885523316,4.62775909575471,"Upper Nass","spw"
2020,2.39332494431667,3.35363934870288,4.69043094911661,"Upper Nass","spw"
2021,2.32602814516407,3.3175979056738,4.77336736133301,"Upper Nass","spw"
2022,2.27047877734885,3.32590319462455,4.90566992503236,"Upper Nass","spw"
2023,2.21099788023641,3.32696670060535,5.05644563167456,"Upper Nass","spw"
2024,2.15916062260664,3.32799410057713,5.16921435600717,"Upper Nass","spw"
2025,2.11556742083144,3.32049310280755,5.27704634370161,"Upper Nass","spw"
1984,4.30819571441357,6.84316944041786,10.6614518166062,"Upper Skeena","spw"
1985,4.45422401991337,6.8501774543368,10.3038659323501,"Upper Skeena","spw"
1986,5.3817159315066,8.03717941377387,12.1907440101435,"Upper Skeena","spw"
1987,5.27381538556512,7.97430683746341,12.1068867743599,"Upper Skeena","spw"
1988,5.67782555879171,8.79137890676984,13.6919747378463,"Upper Skeena","spw"
1989,5.65946487413542,8.82639571014117,13.8208404355824,"Upper Skeena","spw"
1990,5.78288736907424,9.11532648855182,14.384363194554,"Upper Skeena","spw"
1991,5.87752833362389,9.73039856086259,15.9736512343495,"Upper Skeena","spw"
1992,5.24016633996755,8.94477773004683,15.329243147066,"Upper Skeena","spw"
1993,4.75719440181119,8.22231647089669,14.7842483799479,"Upper Skeena","spw"
1994,4.31377789603682,7.54016904828324,13.8308861667034,"Upper Skeena","spw"
1995,4.21530069376176,7.52068617967377,13.8994974556949,"Upper Skeena","spw"
1996,4.37612712761177,7.86650564033106,15.1834140095042,"Upper Skeena","spw"
1997,3.86255575014838,6.8208106636743,12.7344247632407,"Upper Skeena","spw"
1998,3.89688061987462,6.65784220624039,11.900709353076,"Upper Skeena","spw"
1999,3.47722928278415,5.79206377707612,9.77921964378559,"Upper Skeena","spw"
2000,3.23273342075775,5.48939643522856,9.49118430313928,"Upper Skeena","spw"
2001,3.04007636062574,5.25574119897931,9.44060825843999,"Upper Skeena","spw"
2002,3.09934538965438,5.33066039038225,9.49053581965126,"Upper Skeena","spw"
2003,2.81648583198202,4.7845844313275,8.56751874830184,"Upper Skeena","spw"
2004,2.61590545490221,4.4232991816856,7.72347843556036,"Upper Skeena","spw"
2005,2.11600636938876,3.42863153633241,5.58883567833598,"Upper Skeena","spw"
2006,1.80858928095507,2.90258394479072,4.62699569241561,"Upper Skeena","spw"
2007,1.66647749401401,2.64606366385211,4.2090539964601,"Upper Skeena","spw"
2008,1.43999063550175,2.31451241671961,3.67117052016136,"Upper Skeena","spw"
2009,1.49396141098783,2.34820627486621,3.66086347308659,"Upper Skeena","spw"
2010,1.49553469309078,2.30394348270144,3.5198088375785,"Upper Skeena","spw"
2011,1.63096031563596,2.42885741773374,3.61474747458929,"Upper Skeena","spw"
2012,1.68614759916186,2.4396586892846,3.56918858255676,"Upper Skeena","spw"
2013,1.60571559583048,2.34193792586984,3.40460642132136,"Upper Skeena","spw"
2014,1.68110513003503,2.41197565297234,3.46294547376524,"Upper Skeena","spw"
2015,1.6348449077748,2.38155801887526,3.42079531297234,"Upper Skeena","spw"
2016,1.8398623134745,2.65128727800744,3.80550979594822,"Upper Skeena","spw"
2017,2.1634031305761,3.1006888655371,4.52532583672447,"Upper Skeena","spw"
2018,2.37554734789272,3.54372573543387,5.46873367172303,"Upper Skeena","spw"
2019,2.37371635213253,3.70979324948976,6.08353490946223,"Upper Skeena","spw"
2020,2.31997096635052,3.81241186467333,6.75739711605381,"Upper Skeena","spw"
2021,2.17881487175191,3.79379487940753,7.3161369049115,"Upper Skeena","spw"
2022,2.0181822843996,3.79989069416956,7.80753731583476,"Upper Skeena","spw"
2023,1.93010521566227,3.76923340066835,8.25090491855434,"Upper Skeena","spw"
2024,1.83989811841425,3.77232248242557,8.70294328117051,"Upper Skeena","spw"
1984,2.2313834609954,3.82914858810562,6.51528088199283,"Zymoetz","spw"
1985,2.26146039540747,3.76319140377457,6.18146456962189,"Zymoetz","spw"
1986,2.57107621352879,4.27170450364557,7.1430696113016,"Zymoetz","spw"
1987,2.67793738199182,4.46301144727815,7.69269352084009,"Zymoetz","spw"
1988,2.63968415577998,4.34846878084853,7.24900271936445,"Zymoetz","spw"
1989,2.60804073009493,4.28231107432947,7.18020366281717,"Zymoetz","spw"
1990,2.54238987286238,4.1585867173415,7.01614878491471,"Zymoetz","spw"
1991,2.36474100639225,3.90370943309675,6.51117912249763,"Zymoetz","spw"
1992,2.21240506000862,3.71291325921401,6.39844209585448,"Zymoetz","spw"
1993,2.27925476466233,3.74073485105733,6.45011961542589,"Zymoetz","spw"
1994,2.37606810688359,3.87387062672925,6.57129290496685,"Zymoetz","spw"
1995,2.52100599449654,4.22825727296727,7.24301721882433,"Zymoetz","spw"
1996,2.62156648480413,4.50331724947327,8.12961009136079,"Zymoetz","spw"
1997,2.52434120893488,4.29532803799301,7.59496858845235,"Zymoetz","spw"
1998,2.43833307967013,4.17935693583111,7.48145740057378,"Zymoetz","spw"
1999,2.20668358109622,3.73824760694922,6.54855094387075,"Zymoetz","spw"
2000,2.18652787877096,3.78422159500949,6.91478109900509,"Zymoetz","spw"
2001,2.04732885684172,3.546520657711,6.71409100971515,"Zymoetz","spw"
2002,2.0483548043346,3.58113219520675,6.75598449771901,"Zymoetz","spw"
2003,1.90500191967267,3.25988862297012,6.03025882439097,"Zymoetz","spw"
2004,1.77394876714935,3.00604956987347,5.49282790222426,"Zymoetz","spw"
2005,1.66746612861857,2.77582402350795,4.90115093771552,"Zymoetz","spw"
2006,1.57123392125078,2.62327112796938,4.57900643126516,"Zymoetz","spw"
2007,1.43398011019889,2.35225448460107,4.01874282492752,"Zymoetz","spw"
2008,1.35076767812948,2.16914494598508,3.64787901798258,"Zymoetz","spw"
2009,1.26538282863104,2.00405922686927,3.29898677478131,"Zymoetz","spw"
2010,1.18632060822419,1.86937604964427,3.02325264735438,"Zymoetz","spw"
2011,1.01734512190671,1.63154506081035,2.61632286872,"Zymoetz","spw"
2012,1.02607476508075,1.61055667902545,2.52778272705938,"Zymoetz","spw"
2013,1.00099603566803,1.57280023550072,2.43730031079316,"Zymoetz","spw"
2014,1.00428748750454,1.57239545467527,2.43070730151088,"Zymoetz","spw"
2015,0.95263050439149,1.49887394717702,2.33404265456598,"Zymoetz","spw"
2016,0.942583635119526,1.48844697058986,2.33680262804948,"Zymoetz","spw"
2017,0.985966224333358,1.56302164237984,2.47267722645435,"Zymoetz","spw"
2018,1.06741907963208,1.70342791381274,2.79470356148504,"Zymoetz","spw"
2019,1.02739986269926,1.70430486276446,2.88530042806281,"Zymoetz","spw"
2020,0.889760298551161,1.61025106904434,2.85446373629958,"Zymoetz","spw"
2021,0.834045657734839,1.61746364871376,3.00149549506392,"Zymoetz","spw"
2022,0.785366049643159,1.61561820874206,3.15854077379452,"Zymoetz","spw"
2023,0.748837477551667,1.61835833959691,3.35236383722867,"Zymoetz","spw"
2024,0.715330296667905,1.61604437192847,3.47979432679522,"Zymoetz","spw"
