"","mean","se_mean","sd","2.5%","50%","97.5%","n_eff","Rhat","CU"
"ln_alpha[1]",1.99760924988344,0.0105817150436931,0.516293349449028,0.970721627509796,2.01416173181148,2.97762557586856,2380.56989530699,1.00058681186052,"Kitsumkalum"
"ln_alpha[2]",2.01070234707239,0.0101693924989985,0.497432823944059,1.02033712143958,2.02765170209625,2.95049484494941,2392.64826736651,1.00088997876052,"Kitsumkalum"
"ln_alpha[3]",2.04039804913831,0.0098092019547726,0.475072523398436,1.09275155970604,2.04838417118029,2.94913807514863,2345.5920122167,1.00078388653977,"Kitsumkalum"
"ln_alpha[4]",2.10879873613539,0.00940724447043243,0.447650546991805,1.20072122862962,2.11377315346866,2.96781825818238,2264.40120975408,1.00093784960775,"Kitsumkalum"
"ln_alpha[5]",2.13640560267644,0.0091378829296898,0.437281170125391,1.23418374995943,2.14991814257729,2.96511589818709,2289.97306120378,1.00112836964942,"Kitsumkalum"
"ln_alpha[6]",2.09890072836838,0.00875306559426446,0.42294767743172,1.23123538711451,2.11480317822108,2.90042031906744,2334.81740868687,1.00128793641816,"Kitsumkalum"
"ln_alpha[7]",2.12081301400615,0.00928133801112106,0.435493060424003,1.22668188699276,2.13498732697554,2.95016456631958,2201.61461394293,1.00143545008592,"Kitsumkalum"
"ln_alpha[8]",2.0646532126832,0.0093331100131566,0.442417449276738,1.1617831763283,2.07541899768189,2.92135777033346,2247.04476781283,1.00145195846063,"Kitsumkalum"
"ln_alpha[9]",2.05355103371714,0.00967156203706858,0.458692765389508,1.13722279417087,2.06412050973087,2.9348061747411,2249.31633398324,1.00150484369849,"Kitsumkalum"
"ln_alpha[10]",2.00813458934598,0.0100976219642422,0.474996587040313,1.07360037523437,2.01624690961252,2.94336825860415,2212.80305957649,1.00150197337588,"Kitsumkalum"
"ln_alpha[11]",1.98381990682036,0.0102004877710706,0.479380863036033,1.02917337389939,1.99510530196774,2.92996357334915,2208.61240346089,1.00153424806553,"Kitsumkalum"
"ln_alpha[12]",1.90783157412578,0.0104241064223124,0.496749882105352,0.921294825285516,1.9273722864128,2.86539293412747,2270.89927848794,1.00110236713771,"Kitsumkalum"
"ln_alpha[13]",1.87435486990521,0.0104803504744402,0.490367367373558,0.89349846734272,1.88444776047291,2.82300834905442,2189.23060236485,1.00107222704575,"Kitsumkalum"
"ln_alpha[14]",1.82362022296158,0.0101937704947916,0.48250441419327,0.843249964230907,1.83604560483656,2.74941128107357,2240.43773423704,1.0009597056955,"Kitsumkalum"
"ln_alpha[15]",1.82053585899845,0.00980513322104746,0.466148400802266,0.886915065554581,1.83133871706647,2.72420656521512,2260.1715285078,1.0011679963356,"Kitsumkalum"
"ln_alpha[16]",1.77915746951956,0.00967832716054617,0.461252057431092,0.842253642641693,1.78929585844879,2.66698326549417,2271.30802519872,1.00091293860723,"Kitsumkalum"
"ln_alpha[17]",1.76651553288927,0.00917738779369733,0.447209476292505,0.873309157179968,1.77365625666854,2.6422176731741,2374.56372210338,1.00059230576292,"Kitsumkalum"
"ln_alpha[18]",1.72842052052476,0.00900508952425232,0.443025965663032,0.869867048144918,1.72782995828754,2.62026880502243,2420.37295941162,1.00040552572228,"Kitsumkalum"
"ln_alpha[19]",1.7369199960997,0.00910136040128857,0.436875101300959,0.895351268244698,1.73608846877957,2.6208128415835,2304.1033918304,1.00063675829602,"Kitsumkalum"
"ln_alpha[20]",1.67846544111353,0.00905452834226025,0.45145182902973,0.808139279367295,1.67563719224912,2.57420418495306,2485.94301301312,1.00061215411018,"Kitsumkalum"
"ln_alpha[21]",1.63056347182604,0.00946794130712973,0.474033419483228,0.725205108639968,1.62575023658412,2.57462678409507,2506.72566304503,1.00051061990915,"Kitsumkalum"
"ln_alpha[22]",1.63381049134228,0.00960795447552448,0.483830369821127,0.697366795746651,1.62715830258102,2.59936466589456,2535.85476920826,1.0005010376448,"Kitsumkalum"
"ln_alpha[23]",1.6832190663823,0.00941917768934291,0.486797289792612,0.748388053366602,1.67490470542723,2.64478058879386,2670.97807917135,1.00077208435568,"Kitsumkalum"
"ln_alpha[24]",1.68220375966429,0.00945465151411279,0.509147217093795,0.680102158270131,1.68306448308531,2.68010250290516,2899.98463414733,1.000598201133,"Kitsumkalum"
"ln_alpha[25]",1.6834169732211,0.00965468054213191,0.534920353304105,0.609364906348787,1.68466192714337,2.72015422606929,3069.74590759538,1.00057461491728,"Kitsumkalum"
"ln_alpha[26]",1.68504484296265,0.0097465376612815,0.557574398427238,0.591795365843851,1.69665728782943,2.77093116537026,3272.69036917251,1.00060755270751,"Kitsumkalum"
"ln_alpha[27]",1.68383089184081,0.00976058934515163,0.581225076979822,0.529073566337547,1.6932403784183,2.81304636501543,3545.98263899935,1.00042961149713,"Kitsumkalum"
"ln_alpha[28]",1.68185425496649,0.00998021513534047,0.603929850307428,0.456836760358117,1.69936003180921,2.85789809333336,3661.78790280288,1.00036953205255,"Kitsumkalum"
"beta",0.000152902241518061,1.02000002121771e-06,4.49508324977199e-05,6.82366340854291e-05,0.000151722692660957,0.000246790062127677,1942.11578063752,1.00118281301655,"Kitsumkalum"
"pi[1]",0.133373400864972,0.000617459794747127,0.0315358255367949,0.0645000695886685,0.135519217994029,0.19046965348596,2608.50119622124,1.00107058723425,"Kitsumkalum"
"pi[2]",0.36745448238458,0.00154210231531746,0.0758020760036213,0.184055700238511,0.383135139792106,0.476222324818467,2416.21636427853,1.00007815572193,"Kitsumkalum"
"pi[3]",0.315996066894414,0.00133404553027813,0.0659304308939038,0.160437401682872,0.328871264814081,0.414067602387669,2442.47723218775,1.00086229206338,"Kitsumkalum"
"pi[4]",0.183176049856033,0.00339009449942129,0.158636580244793,0.00527440651252575,0.138850137065102,0.582007418938596,2189.69219055844,1.00052957534365,"Kitsumkalum"
"alpha_dev[1]",0.0805058514950116,0.0087506275359826,0.984089411148143,-1.84484091494458,0.0839178872392038,2.03403399210522,12647.0932283706,0.999821552342647,"Kitsumkalum"
"alpha_dev[2]",0.158270575164259,0.00867283969096967,0.999262942230102,-1.81952193195766,0.167286419604622,2.11123076242594,13275.0732397988,0.999772681559567,"Kitsumkalum"
"alpha_dev[3]",0.371401294813729,0.00953732981821332,0.984311675581375,-1.5890086932508,0.379977040457651,2.27947710399707,10651.5220319643,0.999913777696641,"Kitsumkalum"
"alpha_dev[4]",0.142460138600869,0.00933437464532634,0.937558866916429,-1.701513944189,0.141467240146105,1.97922930878172,10088.5008615095,0.999901913769658,"Kitsumkalum"
"alpha_dev[5]",-0.226066804224969,0.00835966271479374,0.934751130571309,-2.0663197801519,-0.241059515765453,1.61626362303176,12503.0073752019,1.00001283617713,"Kitsumkalum"
"alpha_dev[6]",0.0744855852279902,0.00879414502778599,0.948585573049172,-1.7969068352562,0.0918834740743431,1.90121725430899,11634.9838153919,1.00017346949457,"Kitsumkalum"
"alpha_dev[7]",-0.346086593749052,0.00851886714095667,0.941569155765736,-2.17263735856856,-0.355854413578809,1.5341692504105,12216.3300167162,0.999761843328637,"Kitsumkalum"
"alpha_dev[8]",-0.114695793351738,0.00809282775775784,0.921505276794548,-1.9726074081516,-0.100576659143598,1.71696982138695,12965.6728230855,0.999745855022353,"Kitsumkalum"
"alpha_dev[9]",-0.31129542480266,0.00851566388446812,0.934042857083577,-2.12801937553282,-0.318746942571947,1.53837302740586,12030.8575452665,0.999745054345266,"Kitsumkalum"
"alpha_dev[10]",-0.200493504154402,0.0079242473909017,0.943239800348193,-2.05598473181787,-0.199904134179343,1.64105887711886,14168.6406047801,0.999847898523515,"Kitsumkalum"
"alpha_dev[11]",-0.479649042170459,0.00876993978744282,0.944576409846658,-2.30013407378759,-0.484977352270852,1.3918907182168,11600.6137557248,0.99984828404657,"Kitsumkalum"
"alpha_dev[12]",-0.26330392504136,0.0076933861974567,0.960202976117665,-2.1853434864325,-0.272505455261448,1.60284147540279,15577.2585192069,0.999681896493298,"Kitsumkalum"
"alpha_dev[13]",-0.338897016745944,0.00864531976092677,0.957839015965735,-2.17583299366511,-0.342316243430358,1.52711455263154,12275.0402452935,1.00021365111108,"Kitsumkalum"
"alpha_dev[14]",-0.0920813483661599,0.00807194695699245,0.951482334180783,-1.95200099591253,-0.0921458302855136,1.75065039184085,13894.5619641581,0.999790947748001,"Kitsumkalum"
"alpha_dev[15]",-0.286522192706771,0.00852934441412842,0.929520404004214,-2.12534100825685,-0.297103223398521,1.53374448297249,11876.4474607561,0.999763608852325,"Kitsumkalum"
"alpha_dev[16]",-0.135901072602903,0.00861453885219661,0.945266056645822,-2.00795170092248,-0.12517349837632,1.70542193047456,12040.4871431481,0.999926130417053,"Kitsumkalum"
"alpha_dev[17]",-0.251608131258399,0.00867455194144493,0.929917436108772,-2.09986001109831,-0.243640880463606,1.57947468595657,11491.9751469939,0.999787878300722,"Kitsumkalum"
"alpha_dev[18]",-0.00696524437964878,0.0082653279204103,0.943652759379109,-1.91722358245728,0.00728083283544874,1.81537197759844,13034.7963785885,0.999923211727941,"Kitsumkalum"
"alpha_dev[19]",-0.364683582929455,0.0094111604490265,0.951940783690305,-2.20353466479965,-0.38316246387613,1.52445652189333,10231.3634337899,0.999854548474492,"Kitsumkalum"
"alpha_dev[20]",-0.288224769077331,0.0082966711784089,0.968581316376081,-2.11490547907231,-0.302963581906246,1.62433252144081,13629.0134040762,0.999901559239831,"Kitsumkalum"
"alpha_dev[21]",-0.00521222994873807,0.00822630996971539,0.938632110919049,-1.8711186161715,0.00287439472500571,1.8078379650791,13019.0913813948,0.999594367264962,"Kitsumkalum"
"alpha_dev[22]",0.245492956254497,0.00898854603664422,0.977960338528834,-1.70353593918659,0.258387632637576,2.12691112047218,11837.5980763546,0.99991825473122,"Kitsumkalum"
"alpha_dev[23]",0.00935758126277103,0.00827670711289915,0.960947716764868,-1.87609637398178,0.013729596528869,1.88461907919236,13479.8277970053,0.999755777413801,"Kitsumkalum"
"alpha_dev[24]",0.00159750251258628,0.00847942849265897,1.02018926853904,-2.03885574922711,0.00982018037985459,1.99469038328513,14475.3254721875,0.999768111893518,"Kitsumkalum"
"alpha_dev[25]",0.00831588808711603,0.00809759325570717,0.99421722242255,-1.92507160317284,-0.000477141414822549,1.97347615346039,15074.7683595219,0.999677267071851,"Kitsumkalum"
"alpha_dev[26]",-0.00933921200534021,0.00794873447336977,1.00115864148493,-1.9462424084465,-0.0128143798466098,1.97082377618037,15863.8948031517,0.999700733081749,"Kitsumkalum"
"alpha_dev[27]",-0.00657523621495534,0.00831234623711354,0.996925599572736,-1.98426891191926,-0.0141640585227642,1.94425316519669,14383.9527199102,0.9995947422437,"Kitsumkalum"
"alpha_dev[28]",0.00718153581667896,0.0086401900732612,1.02793952970575,-2.01188949198095,0.00566385291686521,1.98900851458896,14154.3047369084,0.99975428454831,"Kitsumkalum"
"ln_alpha[1]1",1.64810447410911,0.0137739842802076,0.661672279623831,0.458294966050646,1.61533119175197,3.03808598828355,2307.63286243451,1.00153453177513,"Large Lakes"
"ln_alpha[2]1",1.63970970625828,0.0131057672172894,0.633203682122484,0.496807439191714,1.61831359875012,2.95491347349007,2334.32845306923,1.00179698899922,"Large Lakes"
"ln_alpha[3]1",1.6406603250023,0.0124079434269267,0.605698439781923,0.538543837930372,1.62071656985029,2.87976150537727,2382.94105999275,1.00185943958322,"Large Lakes"
"ln_alpha[4]1",1.66882924260087,0.0121835319934091,0.58236443048647,0.602688507656011,1.65870556399334,2.85848942076973,2284.77409798194,1.0018652348871,"Large Lakes"
"ln_alpha[5]1",1.68217970125818,0.0118878448510338,0.564076656499677,0.636402451793048,1.67622928527385,2.81651423065453,2251.48987353981,1.00203934237734,"Large Lakes"
"ln_alpha[6]1",1.62981354861867,0.0109476446122456,0.523747496486444,0.644841188581123,1.62266406529507,2.67445421740355,2288.77203634021,1.00180851996846,"Large Lakes"
"ln_alpha[7]1",1.66093741360368,0.0111370786865169,0.524819560180152,0.676725338777919,1.6524536956339,2.6900514358001,2220.63637638908,1.00112705214914,"Large Lakes"
"ln_alpha[8]1",1.59172091160695,0.0102676122272508,0.499458420941166,0.638139841293667,1.58561657680591,2.58530017969425,2366.24529057894,1.00128214659872,"Large Lakes"
"ln_alpha[9]1",1.57630656426525,0.0105892768236052,0.506379603238651,0.63534871417627,1.56142401784304,2.60236225482473,2286.75588205756,1.00121536857246,"Large Lakes"
"ln_alpha[10]1",1.487573876596,0.0102466553893678,0.49576063360968,0.578453879960493,1.46669982138693,2.4886856371495,2340.883580776,1.0020108560801,"Large Lakes"
"ln_alpha[11]1",1.4675414224826,0.010385164380618,0.502157044846252,0.566684171757709,1.43774495087198,2.51512587511418,2338.0423286102,1.00159095337187,"Large Lakes"
"ln_alpha[12]1",1.3750264300902,0.0102413642409633,0.504029155952586,0.486330332197802,1.34596187417641,2.43646767033566,2422.1202119772,1.00154044187734,"Large Lakes"
"ln_alpha[13]1",1.36378972671811,0.0101720614612344,0.492391600263248,0.483983261393836,1.33645969144389,2.38770142264096,2343.16741991448,1.0013117653745,"Large Lakes"
"ln_alpha[14]1",1.27077512540452,0.00916348086996554,0.461346766512439,0.426041794095386,1.24896282673673,2.21351923358111,2534.74343598164,1.0017094095597,"Large Lakes"
"ln_alpha[15]1",1.20305869655808,0.00830694692415959,0.435565013010022,0.397065704905616,1.18271899143582,2.10415985317104,2749.30615188739,1.00095980423133,"Large Lakes"
"ln_alpha[16]1",1.08551518567699,0.00743453409914973,0.418125379522017,0.313833744746509,1.07144306645536,1.93405694002925,3163.04625700496,1.00109072000614,"Large Lakes"
"ln_alpha[17]1",1.04093492736388,0.00706576047824362,0.401855812606754,0.293292104990326,1.03115048731079,1.84688845523672,3234.61567331144,1.00111963747312,"Large Lakes"
"ln_alpha[18]1",1.01513224729799,0.00714633551047027,0.404118116842162,0.251259129445873,1.00095786518478,1.82003262898346,3197.78924369858,1.00137035860811,"Large Lakes"
"ln_alpha[19]1",1.06364462134522,0.00701757354374084,0.390086722688436,0.344420735299463,1.04670511200085,1.86765802946049,3089.92822679809,1.00087796914468,"Large Lakes"
"ln_alpha[20]1",1.03594622501648,0.00659831752238701,0.373894699639182,0.331144966641787,1.02003207909519,1.79801398564516,3210.94004011612,1.00111460860246,"Large Lakes"
"ln_alpha[21]1",0.990095617861649,0.0058152145673713,0.363969368286193,0.302517613919425,0.980499374398135,1.72487676970096,3917.40237464643,1.0006107255438,"Large Lakes"
"ln_alpha[22]1",0.954201061902397,0.0059308875391224,0.368813166699987,0.251395231537596,0.95078158459304,1.70305159069581,3866.99362383381,1.00078265562959,"Large Lakes"
"ln_alpha[23]1",0.981032256578912,0.00641435231944747,0.387017503396818,0.2526313624408,0.973239948626206,1.76141490482132,3640.45437745226,1.00075300859651,"Large Lakes"
"ln_alpha[24]1",0.955288468641045,0.00664749790110125,0.416612499662481,0.137021495923467,0.955847440184497,1.77939764490163,3927.7892231872,1.00080379782172,"Large Lakes"
"ln_alpha[25]1",0.957549653941173,0.00707657604528728,0.465578936180473,0.0341590695809794,0.958446192545586,1.87948683848173,4328.52859933854,1.00067808019059,"Large Lakes"
"ln_alpha[26]1",0.958633783947161,0.00750053770695803,0.507705917639309,-0.0377389141518595,0.958942594791547,1.96000056878375,4581.8371945801,1.00048635998765,"Large Lakes"
"ln_alpha[27]1",0.957565215273555,0.00741254532575405,0.54639302595556,-0.113888270364457,0.95434702744811,2.04503247093448,5433.44869953796,1.00047676781177,"Large Lakes"
"ln_alpha[28]1",0.9572711723702,0.00780902080919415,0.585647637386229,-0.224097582950713,0.953061874724843,2.12972017336584,5624.44443887667,1.00033776012496,"Large Lakes"
"beta1",3.6825700211578e-05,3.5359881129567e-07,1.60676541242083e-05,8.48442331368002e-06,3.57561486662269e-05,7.07576417420054e-05,2064.82550562145,1.00235325614182,"Large Lakes"
"pi[1]1",0.237218119866392,0.000989091558098232,0.0422393486102645,0.131081557344575,0.245996879533249,0.298469335492683,1823.73374465089,1.00029594407288,"Large Lakes"
"pi[2]1",0.503039450931355,0.00199630939648261,0.0842630707550341,0.281473579482059,0.526420105821327,0.604179495367616,1781.63551685635,1.00063657815188,"Large Lakes"
"pi[3]1",0.115152404543514,0.000525955416295876,0.0224677625976256,0.0622067157104243,0.117529268855333,0.152840619637669,1824.82738175137,1.00026236927529,"Large Lakes"
"pi[4]1",0.144590024658739,0.00343385668854044,0.140234334947417,0.00333501086358791,0.100196318792427,0.521344433041535,1667.80160126373,1.000488774895,"Large Lakes"
"alpha_dev[1]1",-0.0346483574715143,0.0091523212255423,0.978644700707139,-1.98750355569414,-0.0201535597291038,1.90136153396877,11433.7209487385,0.999623868440513,"Large Lakes"
"alpha_dev[2]1",0.00697507193799664,0.00914336280383435,0.951689204318835,-1.8504989115807,0.0125399224020637,1.83150931189432,10833.7392912642,0.999897207598998,"Large Lakes"
"alpha_dev[3]1",0.126862342424456,0.00944114341583988,0.950537224860819,-1.7212907485683,0.126021539789317,2.00587965224048,10136.5243737998,1.0001292856397,"Large Lakes"
"alpha_dev[4]1",0.0580052946468404,0.00952321949715228,0.962147788222546,-1.82385918720003,0.064417253340676,1.95034615334004,10207.4199566528,1.00016971927239,"Large Lakes"
"alpha_dev[5]1",-0.259004683769927,0.00931636125294221,0.949035899102739,-2.0934437752695,-0.255897497802614,1.57224515625346,10377.0196848137,0.999764161941603,"Large Lakes"
"alpha_dev[6]1",0.108215178055711,0.00883869420185576,0.943337394747651,-1.76355127551337,0.104403362746283,1.97321048626514,11390.8959295586,1.00010096900208,"Large Lakes"
"alpha_dev[7]1",-0.364613808377874,0.00849437839580439,0.9299637931941,-2.17227107494624,-0.35310100631827,1.42960304755152,11985.850974977,0.999816534981615,"Large Lakes"
"alpha_dev[8]1",-0.13583149744077,0.00891133907235593,0.928655401455395,-1.97030662712967,-0.127065206740857,1.70010515588013,10859.8353514285,0.9996620988672,"Large Lakes"
"alpha_dev[9]1",-0.484876021854098,0.00904324193286875,0.937278317050948,-2.27704437814184,-0.486439777552461,1.36200049910589,10742.0913467147,0.999734962299533,"Large Lakes"
"alpha_dev[10]1",-0.178998946636834,0.00918003805934191,0.954715708382958,-2.04487541371704,-0.17737670373882,1.6688932242398,10815.8130782679,0.999762184003417,"Large Lakes"
"alpha_dev[11]1",-0.515858749890118,0.00891774769388405,0.954321085317773,-2.3325810506091,-0.525485692008876,1.3777547885049,11451.9298019658,0.999746832141473,"Large Lakes"
"alpha_dev[12]1",-0.141927835626424,0.00860917322405853,0.952853917970782,-2.09784478866975,-0.132839722217639,1.6819603622744,12249.8213638426,0.99957898553674,"Large Lakes"
"alpha_dev[13]1",-0.513844415377128,0.0104230956584294,0.9404371444722,-2.33576060794958,-0.510825779274928,1.34519677175476,8140.78155291556,0.999694535940379,"Large Lakes"
"alpha_dev[14]1",-0.397204354422259,0.0092558916748615,0.944393673044599,-2.26010499799433,-0.385723088141399,1.42213433068387,10410.452602317,1.00029134613266,"Large Lakes"
"alpha_dev[15]1",-0.618256647240303,0.0101404178347409,0.936904089365137,-2.40058475538927,-0.628741818827005,1.23892604785738,8536.47491090317,0.999892639193682,"Large Lakes"
"alpha_dev[16]1",-0.276543126057011,0.0087517221628036,0.943378492115174,-2.1665991777427,-0.273057717395161,1.58832886758038,11619.4319704444,0.99970346993773,"Large Lakes"
"alpha_dev[17]1",-0.160172336982602,0.00919376295682529,0.909861413456197,-1.98313801468822,-0.150473253279153,1.58266131987179,9794.08548636464,0.999918544987207,"Large Lakes"
"alpha_dev[18]1",0.176402692721034,0.00934847234750855,0.967391578161399,-1.78608780261649,0.191287664525589,2.03724971712251,10708.368527082,1.00003796072484,"Large Lakes"
"alpha_dev[19]1",-0.153792447269351,0.00903248219656284,0.930748403236452,-2.01987469586595,-0.151383667241026,1.6496969446129,10618.187040209,0.999722571321162,"Large Lakes"
"alpha_dev[20]1",-0.242806007802112,0.00949866322586866,0.957597057729416,-2.14566040839567,-0.253983173479292,1.63718213514016,10163.4376177251,1.00035232544847,"Large Lakes"
"alpha_dev[21]1",-0.192400816458778,0.00863252372597861,0.943795948042749,-2.05351767322089,-0.203610516063747,1.63172565030174,11953.1028292451,1.00029285674744,"Large Lakes"
"alpha_dev[22]1",0.104637277918316,0.00899638307448119,0.957000687762993,-1.7620230179582,0.118075972226032,1.96943172330893,11315.8874733552,0.999589449619808,"Large Lakes"
"alpha_dev[23]1",-0.117705345965317,0.00938295461796407,0.96311107509289,-1.99631678745174,-0.0926883438955773,1.74989727229495,10535.9456667829,0.999655762209223,"Large Lakes"
"alpha_dev[24]1",0.00649840385119247,0.00838166625504434,0.995735019047591,-1.93939376676735,-0.00177582452397248,1.95902969531472,14113.2434937571,0.999591572853828,"Large Lakes"
"alpha_dev[25]1",0.00233170196776421,0.0085842484179953,0.993935469735806,-1.93491476939841,0.0110800988745083,1.9577314256722,13406.3892285656,0.999737345746674,"Large Lakes"
"alpha_dev[26]1",-0.0152058825753237,0.00884389435911222,0.996111975146924,-2.00289834512171,-0.0183529768505126,1.93364160193085,12686.1321130131,0.99995882891465,"Large Lakes"
"alpha_dev[27]1",-0.00224649569849253,0.00875665805079267,1.00443793104899,-1.92826064569186,0.00529954456398142,1.97857825863725,13157.3803128902,0.999675720724738,"Large Lakes"
"alpha_dev[28]1",-0.0134673203852923,0.00807172357231418,0.984973410543282,-1.95506112439285,-0.0122334166173935,1.89869370244897,14890.745900025,0.999816803787174,"Large Lakes"
"ln_alpha[1]2",1.55302316711178,0.0132334290477534,0.428969016718146,0.705648407739355,1.55436209590652,2.39778301736761,1050.7685468436,1.00286951618091,"Lower Skeena"
"ln_alpha[2]2",1.57122385195994,0.0129601175293524,0.418630649092374,0.762339919452713,1.57144268972674,2.4002285094804,1043.38397479564,1.00292674012402,"Lower Skeena"
"ln_alpha[3]2",1.55161996300909,0.0132979258955264,0.419995209416512,0.723582157665679,1.55026525011844,2.3835648212673,997.518265025376,1.00315156394116,"Lower Skeena"
"ln_alpha[4]2",1.60161282358895,0.0123808032711,0.400420666550543,0.823450217348402,1.60253186068447,2.39392199185195,1046.00876306223,1.00345951207445,"Lower Skeena"
"ln_alpha[5]2",1.65373933771203,0.0122619788604837,0.398094760046047,0.881789454778766,1.65767426987931,2.43999250769191,1054.02714635075,1.0040442138486,"Lower Skeena"
"ln_alpha[6]2",1.65381795417903,0.0122504592423402,0.400757854019245,0.869402067508755,1.65805755381379,2.44375396796672,1070.18619708103,1.00357975702168,"Lower Skeena"
"ln_alpha[7]2",1.67903989143981,0.0123354950933446,0.408299784830435,0.882212236893631,1.68674051981922,2.47583843427083,1095.58261556586,1.00440283555767,"Lower Skeena"
"ln_alpha[8]2",1.66805833649328,0.0129174162711265,0.41204726898554,0.850374730884672,1.67667076140174,2.47700380098324,1017.51956735727,1.00410928449111,"Lower Skeena"
"ln_alpha[9]2",1.69772013569672,0.0134575272803866,0.430783141605174,0.852070999821986,1.70240337804126,2.54576825537619,1024.67669909394,1.00438636011411,"Lower Skeena"
"ln_alpha[10]2",1.69609736389627,0.0140865329498997,0.448980067364907,0.810246528719589,1.70501609468145,2.56154480052984,1015.88814100455,1.00427102733745,"Lower Skeena"
"ln_alpha[11]2",1.69207450176116,0.0137819318262505,0.455138871398946,0.794886958816332,1.70064161243874,2.57805628096224,1090.60544572659,1.00380863499767,"Lower Skeena"
"ln_alpha[12]2",1.6310242282997,0.014986962950237,0.463093593984519,0.706867071193821,1.63449768439588,2.52603240413954,954.7953152408,1.00370615205117,"Lower Skeena"
"ln_alpha[13]2",1.61561745151026,0.0149533676987665,0.46719868089284,0.68180690478707,1.62304117476679,2.53038447462188,976.169401982561,1.00345780284802,"Lower Skeena"
"ln_alpha[14]2",1.55706861566188,0.0158695749114863,0.477787399422207,0.622102691693428,1.56638056685765,2.48752480862433,906.439445750022,1.00348242493774,"Lower Skeena"
"ln_alpha[15]2",1.5248864908851,0.0162840945050753,0.487090084609343,0.556445115694429,1.53187483246111,2.46592226179516,894.728661610466,1.00331728323099,"Lower Skeena"
"ln_alpha[16]2",1.48865446697209,0.0168950242757738,0.498300186003507,0.488871867756581,1.49710741372816,2.45625353024423,869.890240263979,1.00328101802415,"Lower Skeena"
"ln_alpha[17]2",1.45452400479938,0.0171367361372152,0.500839709542262,0.448149847265282,1.46578929501383,2.41741679998292,854.164053205035,1.00277012826677,"Lower Skeena"
"ln_alpha[18]2",1.47899870542852,0.0160739601684798,0.47929197323348,0.522226577763883,1.49025009101138,2.4087021486059,889.108037199506,1.00281749898143,"Lower Skeena"
"ln_alpha[19]2",1.49990773843687,0.0146573217899236,0.454472568664694,0.618650164151392,1.50539869849976,2.39851696004971,961.404398600872,1.00340035553198,"Lower Skeena"
"ln_alpha[20]2",1.47771577369708,0.0143469082634224,0.445460735900424,0.602848368268272,1.47954508254621,2.35595637055785,964.055901766745,1.00338533799486,"Lower Skeena"
"ln_alpha[21]2",1.44547852120594,0.0144351527226599,0.448327055884074,0.562575805772654,1.44658374402408,2.33342852821973,964.599719538626,1.00321002700197,"Lower Skeena"
"ln_alpha[22]2",1.50240004072045,0.0137851067834085,0.43527742747141,0.658279777682093,1.50759057761521,2.37239926661944,997.03871691531,1.00371752633582,"Lower Skeena"
"ln_alpha[23]2",1.54865159786731,0.0137545741434285,0.445123324376568,0.680449027686233,1.55454322619017,2.4433685559925,1047.28867255732,1.00351980533564,"Lower Skeena"
"ln_alpha[24]2",1.56755862858176,0.0136141699015802,0.459418222760909,0.672690436004554,1.56634495941133,2.49528586092353,1138.76497865465,1.00344475576208,"Lower Skeena"
"ln_alpha[25]2",1.57024689491561,0.0135236555831885,0.481357945136217,0.640800617612414,1.56778688708953,2.53127483644916,1266.91677206332,1.00382375183834,"Lower Skeena"
"ln_alpha[26]2",1.56883011840839,0.0132744855366045,0.502074252520269,0.591317149797036,1.56620645218685,2.56389351432079,1430.5416390943,1.00348188443237,"Lower Skeena"
"ln_alpha[27]2",1.56982223466489,0.0132791200079741,0.524359613933118,0.54000084419221,1.57050876065033,2.59734773294565,1559.26481285266,1.00339847042875,"Lower Skeena"
"ln_alpha[28]2",1.57046177268949,0.0134656429084696,0.544401426785762,0.502109554740409,1.57465893161849,2.66204015013353,1634.49773383823,1.00375517374836,"Lower Skeena"
"beta2",0.000490047839071528,6.9106987703574e-06,0.000204084128529424,0.000110060976754416,0.000482830292719029,0.000912698148011043,872.116567079328,1.00409120130075,"Lower Skeena"
"pi[1]2",0.341623817132707,0.00118069136456754,0.0541895905538445,0.2042104119773,0.353101327198384,0.417271935389474,2106.48788348474,1.00036806646837,"Lower Skeena"
"pi[2]2",0.436812680639312,0.00150710952036076,0.0676423941908089,0.263837682851214,0.454447735179961,0.524129662701217,2014.41207196501,1.00040061487019,"Lower Skeena"
"pi[3]2",0.0901748888607635,0.000360408229425357,0.0176923544240041,0.0522143768069554,0.0911794257897021,0.122659707597206,2409.80479278551,1.00022635274757,"Lower Skeena"
"pi[4]2",0.131388613367218,0.00296107197498435,0.128523102882852,0.00296185910952431,0.0885242661105158,0.467378523315515,1883.92876012346,1.00046322616073,"Lower Skeena"
"alpha_dev[1]2",0.114468341870295,0.0113170289954914,0.993390586837419,-1.85527845032897,0.12012334930613,2.03022987569337,7705.04578248072,1.00093477828809,"Lower Skeena"
"alpha_dev[2]2",-0.0867028276155811,0.0111318878236728,0.962276667791377,-1.95335190106634,-0.0882117845354665,1.78647321519679,7472.4371118155,1.00027225391216,"Lower Skeena"
"alpha_dev[3]2",0.325547625971473,0.0117683341142435,0.971496289897129,-1.61840045330771,0.348346850712658,2.20751047524429,6814.78741818262,0.999880127568527,"Lower Skeena"
"alpha_dev[4]2",0.339105375192119,0.0114139693683989,0.976280777760494,-1.586465106347,0.343066438555747,2.22789092882555,7316.04000389025,1.00031760515135,"Lower Skeena"
"alpha_dev[5]2",0.023026606584114,0.0107654675545282,0.938824026778207,-1.76891128315768,0.014873661501288,1.82899894847602,7605.05919243011,1.0002744377702,"Lower Skeena"
"alpha_dev[6]2",0.168167533185822,0.0110430403103319,0.950280101020817,-1.70691547405525,0.17574034844852,2.02185127071945,7405.01521878882,1.00016764246698,"Lower Skeena"
"alpha_dev[7]2",-0.0657847780117405,0.0105411691731052,0.950024979156524,-1.91386661714657,-0.0769475972437849,1.83692684303653,8122.55166130181,0.99996935848222,"Lower Skeena"
"alpha_dev[8]2",0.178357981436384,0.0111718565629677,0.937930863947454,-1.66422543736317,0.178860645329754,2.00856225516264,7048.40664811594,1.0007395829011,"Lower Skeena"
"alpha_dev[9]2",-0.0292007067461011,0.0111834085185003,0.933819569866066,-1.85548136950864,-0.0227269541946679,1.80988219003543,6972.32404572611,0.99980470754861,"Lower Skeena"
"alpha_dev[10]2",-0.065469910924473,0.010570713303539,0.932212063587835,-1.92631372209583,-0.0520213705025942,1.74658979725071,7777.15669429219,1.00002198586313,"Lower Skeena"
"alpha_dev[11]2",-0.411605089673157,0.0117927153946009,0.960507286521965,-2.28430662472919,-0.416154077974497,1.50589118741109,6633.97289623394,1.00004985064615,"Lower Skeena"
"alpha_dev[12]2",-0.171581480461055,0.00988813795267419,0.924347732072828,-1.98504879172594,-0.167544820278002,1.60619944014022,8738.59730395708,0.999926335312015,"Lower Skeena"
"alpha_dev[13]2",-0.429030839080097,0.0103558154808895,0.947859957379385,-2.28485208724003,-0.435138957866259,1.44373463496992,8377.60242607603,0.99987444592272,"Lower Skeena"
"alpha_dev[14]2",-0.258170404182542,0.010189200791527,0.936879353506987,-2.13456388444581,-0.255275763698846,1.53904170878653,8454.48377923532,0.99975606644658,"Lower Skeena"
"alpha_dev[15]2",-0.27428633292624,0.0103424378696695,0.943182399465516,-2.09660341118659,-0.268970619499644,1.58860227809881,8316.5946495279,0.999788780835213,"Lower Skeena"
"alpha_dev[16]2",-0.242235950959257,0.0107726725513602,0.95160687661458,-2.07187579090452,-0.247039421082979,1.66808527953662,7803.11891194523,1.00014823607686,"Lower Skeena"
"alpha_dev[17]2",0.103951243686005,0.010962324635008,0.962144185703694,-1.78546315190837,0.113965923087368,1.95212675542129,7703.26789471242,0.999743881459673,"Lower Skeena"
"alpha_dev[18]2",0.100344012765856,0.0118986047443419,0.94813861068381,-1.79980755809553,0.105547787140898,1.93830922447858,6349.67634311255,1.00013561502313,"Lower Skeena"
"alpha_dev[19]2",-0.134723943364489,0.0109454564784657,0.949689111475662,-1.99527165400288,-0.137489022424766,1.73915955594131,7528.26954704965,0.999678713235477,"Lower Skeena"
"alpha_dev[20]2",-0.191149459584496,0.0113729586024028,0.961824400404577,-2.05850509315538,-0.217216056756712,1.71237806289273,7152.28257264627,0.99985926596474,"Lower Skeena"
"alpha_dev[21]2",0.349010576247743,0.0111183383501951,0.972662985222591,-1.57329698903275,0.351882236326004,2.24289682500374,7653.23423722625,1.00019157997824,"Lower Skeena"
"alpha_dev[22]2",0.305079961549849,0.00995541097925264,0.964823099505882,-1.62769893669819,0.308814357198349,2.18381796565226,9392.40905981767,0.999929347687831,"Lower Skeena"
"alpha_dev[23]2",0.122618059850894,0.010602227888502,0.975075253346955,-1.77357176751982,0.125865565584907,2.02575160600216,8458.27886027071,1.00004936525177,"Lower Skeena"
"alpha_dev[24]2",0.0112658682047538,0.0104968726448938,1.00647068075243,-1.94870675165463,0.00723915170410399,1.95797962040021,9193.53216810398,0.999887813195354,"Lower Skeena"
"alpha_dev[25]2",-0.00458043278753818,0.0104057447573528,0.985266157784086,-1.91119754030286,-0.0103441240210697,1.96492541441883,8965.2167484267,1.00036420730838,"Lower Skeena"
"alpha_dev[26]2",0.00337186057963608,0.00988625601090935,0.991332300363633,-1.92065948451576,0.000433363467417183,1.94285869783724,10054.8317689778,0.999717667048287,"Lower Skeena"
"alpha_dev[27]2",0.00306623773580793,0.00982868990565917,0.987634445884552,-1.92925286631656,0.00887656821202496,1.92341257189598,10097.2053865968,1.00004238497112,"Lower Skeena"
"alpha_dev[28]2",0.000835371080840694,0.010085978695034,0.997917673408983,-1.98753684319862,0.00304825810839908,1.93415362913033,9789.33826243342,0.999815488776574,"Lower Skeena"
"ln_alpha[1]3",1.43603983168224,0.0144531462455348,0.670532672411191,0.208630256627977,1.39688937002273,2.85336336566227,2152.36090003856,1.00085656317339,"Middle Skeena"
"ln_alpha[2]3",1.48671050687078,0.0137276613252843,0.625743711147401,0.347791912777847,1.44264535480618,2.78891491329712,2077.78149834899,1.00166195098172,"Middle Skeena"
"ln_alpha[3]3",1.55656357189961,0.0133438627106123,0.599424160291312,0.465024922672146,1.52335918718862,2.78831645175622,2017.92656221145,1.00203182781322,"Middle Skeena"
"ln_alpha[4]3",1.67716882362812,0.0140564154390515,0.61700272258812,0.53120490476223,1.64657949671965,2.95976348813319,1926.74833431435,1.00160454906854,"Middle Skeena"
"ln_alpha[5]3",1.72335230089723,0.014246073047444,0.622320637875928,0.57884178895872,1.68640334034904,3.03747588195111,1908.26231373509,1.00201352429736,"Middle Skeena"
"ln_alpha[6]3",1.63332798535208,0.0131682118642285,0.588138669994679,0.535963445096118,1.61374937596744,2.82964011297828,1994.8298562058,1.00199843554848,"Middle Skeena"
"ln_alpha[7]3",1.58494463436741,0.0132062996356494,0.596202787641489,0.494850710488728,1.55675350165535,2.83445135513677,2038.10104308609,1.00221010148805,"Middle Skeena"
"ln_alpha[8]3",1.41350874112924,0.0134157671540328,0.609964541921614,0.344532159801023,1.37491851432322,2.73814757918316,2067.17933702279,1.00210696102296,"Middle Skeena"
"ln_alpha[9]3",1.47007627222484,0.0144512215225075,0.638730670808539,0.345690570927126,1.43256747782537,2.88172557709862,1953.55851770397,1.00259776946919,"Middle Skeena"
"ln_alpha[10]3",1.4728400893972,0.0148921693995442,0.660837028898253,0.309536197158224,1.42935457285712,2.91851370402504,1969.12281680013,1.00183476667916,"Middle Skeena"
"ln_alpha[11]3",1.49394601583729,0.0146571615599317,0.650145129212202,0.358193983213228,1.4468278992791,2.88345343519003,1967.52779638078,1.00156892429281,"Middle Skeena"
"ln_alpha[12]3",1.3647177354586,0.0138679575056748,0.629656172322298,0.256459406262025,1.32297371204696,2.69751853006147,2061.49328980859,1.00171988779537,"Middle Skeena"
"ln_alpha[13]3",1.25397183777338,0.0128687152771156,0.599708820968779,0.19225399761532,1.21996795619306,2.52672387566225,2171.75329631918,1.00152706517214,"Middle Skeena"
"ln_alpha[14]3",1.14198375468103,0.0117690461278981,0.565740445527228,0.114008864997592,1.11366942787563,2.32027430932269,2310.74449033115,1.00141372882971,"Middle Skeena"
"ln_alpha[15]3",1.07472253376112,0.0119259175319843,0.564587705237091,0.0571641195176677,1.03912021340567,2.25009247742981,2241.19285496592,1.00115459299269,"Middle Skeena"
"ln_alpha[16]3",0.956407618701626,0.0115785450356978,0.564230306180472,-0.0679653069746994,0.921102257670635,2.13189963026198,2374.67861081357,1.00077245794302,"Middle Skeena"
"ln_alpha[17]3",0.927842595517727,0.0112047254920298,0.539295828744958,-0.0502046518657618,0.905061938950381,2.05827400843459,2316.60335092705,1.00154105268746,"Middle Skeena"
"ln_alpha[18]3",0.832995373725262,0.0100516139317444,0.513124561520756,-0.116232546077967,0.819467294702874,1.86732987241455,2605.99757642948,1.00095030811437,"Middle Skeena"
"ln_alpha[19]3",0.827426829035744,0.00973401598070818,0.494775235205494,-0.0845588560533956,0.803869432917737,1.83941833729737,2583.63880041079,1.00082536667079,"Middle Skeena"
"ln_alpha[20]3",0.704517062916639,0.00849342477084825,0.475162794211965,-0.184018135840291,0.69522356923154,1.66451924720878,3129.81859315688,1.00072045517582,"Middle Skeena"
"ln_alpha[21]3",0.682044385892373,0.00822289074304841,0.473479265527675,-0.206931750941238,0.67226387080681,1.62490934284859,3315.52945708101,1.00103976544959,"Middle Skeena"
"ln_alpha[22]3",0.581015727223637,0.00860865155998126,0.499873090994267,-0.396620061966762,0.576823122878383,1.55810727881681,3371.70257372349,1.00122581353158,"Middle Skeena"
"ln_alpha[23]3",0.580660563338033,0.00881481943969463,0.517983407508275,-0.433201063017051,0.574880001486574,1.60298108497434,3453.06580704405,1.00096835327704,"Middle Skeena"
"ln_alpha[24]3",0.499260217575626,0.00952327624921342,0.577785128716466,-0.660893275650182,0.505989279696178,1.61480190443903,3680.95030548854,1.00088682948359,"Middle Skeena"
"ln_alpha[25]3",0.494404698824952,0.0100518667132705,0.642791308387913,-0.826621825117487,0.512218268644548,1.71314974312847,4089.27718006089,1.00068771138151,"Middle Skeena"
"ln_alpha[26]3",0.499289216610052,0.0104003910202431,0.700347626727579,-0.92716344888173,0.512986325898459,1.85428724043993,4534.48518490433,1.00025233647653,"Middle Skeena"
"ln_alpha[27]3",0.503768053300823,0.0106133955480102,0.746022330510936,-1.05324063736154,0.52196896539367,1.95045873527524,4940.7736062655,1.00026394084451,"Middle Skeena"
"ln_alpha[28]3",0.507095765584906,0.0109961773222124,0.79188108989524,-1.1429975973238,0.528218634463361,2.0142532310968,5186.04731970531,1.00011092294236,"Middle Skeena"
"beta3",0.000267800153927337,3.31468422802287e-06,0.000138780866120355,3.31749256673383e-05,0.000252298769543173,0.00057629188225874,1752.97153273274,1.00188493858957,"Middle Skeena"
"pi[1]3",0.220871397623473,0.000897937626864809,0.0446995437715983,0.116686567819328,0.227063066107067,0.294379676679195,2478.07154063242,1.00096851569834,"Middle Skeena"
"pi[2]3",0.466665306582143,0.00185042380349972,0.0846056600861133,0.254108836850245,0.487173698040077,0.58088302247452,2090.53009187496,1.00192112907165,"Middle Skeena"
"pi[3]3",0.154419726598231,0.000630740152500916,0.0329370039356317,0.081495479209683,0.157625980909812,0.212317117346021,2726.88752957801,1.00136958241826,"Middle Skeena"
"pi[4]3",0.158043569196153,0.00324910070549237,0.146313990624263,0.00473435678887741,0.112424866702647,0.541513981469528,2027.89454164528,1.00186355944599,"Middle Skeena"
"alpha_dev[1]3",0.174071649946676,0.00975318360895834,0.950171206322593,-1.67312696952848,0.168542397469924,2.03070293844701,9490.97721718037,0.999684351122902,"Middle Skeena"
"alpha_dev[2]3",0.260473798963912,0.00942172854918477,0.941439579312718,-1.58875892006354,0.262294735672676,2.10254305374028,9984.44042927895,0.999773655897536,"Middle Skeena"
"alpha_dev[3]3",0.403211077990376,0.00942820668048794,0.945569826741308,-1.45273275397056,0.404356778673865,2.21160754462272,10058.4027674424,0.999538884776584,"Middle Skeena"
"alpha_dev[4]3",0.160202275424146,0.00922143747411818,0.938716116333978,-1.71273405522732,0.174185039499682,1.95380249190169,10362.6611294678,0.99988446807382,"Middle Skeena"
"alpha_dev[5]3",-0.32797625938384,0.00886290819332766,0.922926913679381,-2.10759757912351,-0.342592792997798,1.47422250551649,10843.8155088967,1.00007489463086,"Middle Skeena"
"alpha_dev[6]3",-0.211005358306247,0.00869721994859303,0.898529796648299,-1.98038339221794,-0.209086893165703,1.52302591275884,10673.4313349313,0.999833462612436,"Middle Skeena"
"alpha_dev[7]3",-0.640073316492373,0.0100074090115271,0.940848889181129,-2.47901957933998,-0.646644842772821,1.20687796375529,8838.86402169144,0.999757381504772,"Middle Skeena"
"alpha_dev[8]3",0.123135305447265,0.0101677218503551,0.939440696091294,-1.7718909969725,0.127667474255917,1.93940437210414,8536.72762959052,0.999927427433072,"Middle Skeena"
"alpha_dev[9]3",-0.0490533761760691,0.00926720826567416,0.939319606350141,-1.91510541442856,-0.0263138353089296,1.75229624228435,10273.7484621824,0.999697255485172,"Middle Skeena"
"alpha_dev[10]3",0.00166887034557841,0.00952075949101912,0.927536895137925,-1.85481042217516,0.0160678754218061,1.79795094018408,9491.15790611932,1.00002367878378,"Middle Skeena"
"alpha_dev[11]3",-0.510164292035259,0.00936045796135211,0.910988561926987,-2.31477145415397,-0.508044515472028,1.29552254657045,9471.78112957761,0.999813630920785,"Middle Skeena"
"alpha_dev[12]3",-0.454447020282821,0.00920498116119366,0.911553576696086,-2.24771520077063,-0.459151083435688,1.34895821054983,9806.60292650567,0.999615781201945,"Middle Skeena"
"alpha_dev[13]3",-0.46456414354651,0.00832884223972965,0.922177624881274,-2.29468292894215,-0.462700771234644,1.32398717822297,12259.1367370889,0.999654874869326,"Middle Skeena"
"alpha_dev[14]3",-0.332268120652312,0.00849800162987576,0.920202113829695,-2.14816717556213,-0.325172654104091,1.45418324140747,11725.5394729833,0.999768541398518,"Middle Skeena"
"alpha_dev[15]3",-0.489776895608139,0.0086464215311309,0.903817975655455,-2.23060936279447,-0.496932552208669,1.31585659075893,10926.7030397283,0.999744807376055,"Middle Skeena"
"alpha_dev[16]3",-0.174789990628251,0.00930259842144924,0.926519275157853,-2.01495958217466,-0.171447695742555,1.6337521269407,9919.74185224862,0.99977561212653,"Middle Skeena"
"alpha_dev[17]3",-0.389521718003664,0.00947528243955897,0.927207128640881,-2.22920807291557,-0.391078644019449,1.43301734239718,9575.67053920136,1.00012533293021,"Middle Skeena"
"alpha_dev[18]3",-0.0883330777293045,0.00901876707524014,0.929840860306616,-1.89165859866672,-0.0875558849229366,1.71922469389427,10629.7466060222,0.999716141081572,"Middle Skeena"
"alpha_dev[19]3",-0.467056152628726,0.0101014145217967,0.929958039499529,-2.2898793651679,-0.470937675028173,1.36955136498206,8475.44129598318,0.999891589779136,"Middle Skeena"
"alpha_dev[20]3",-0.136539979413024,0.00951534952809709,0.958574024795803,-2.02035382544833,-0.142388191649965,1.74960803878323,10148.4991817414,0.999913584492672,"Middle Skeena"
"alpha_dev[21]3",-0.377706974156336,0.0098393607049839,0.937857549821168,-2.18704930067357,-0.380286093509492,1.43211581881984,9085.31509594254,0.999953130638348,"Middle Skeena"
"alpha_dev[22]3",-0.0317409181345892,0.00908913205156083,0.941835857706168,-1.87166889183919,-0.0382221357646786,1.79267800405538,10737.5602971085,0.999870134572181,"Middle Skeena"
"alpha_dev[23]3",-0.281278825025945,0.00999338471168584,0.998238789733262,-2.21137399016019,-0.282232348999239,1.68506336272557,9978.00392125105,0.999960262148698,"Middle Skeena"
"alpha_dev[24]3",-0.0108700612380731,0.00908927963032775,0.994309845333587,-1.95813397575637,-0.0239137277856903,1.93398450730292,11966.9795834466,0.999732286412509,"Middle Skeena"
"alpha_dev[25]3",0.00321331911616934,0.00918642201208754,1.02226882581666,-2.02298955081467,0.00847882173843194,2.03722855996085,12383.3300829141,0.999954973785355,"Middle Skeena"
"alpha_dev[26]3",0.0136554591362862,0.00951748172168698,0.995378636495498,-1.92617513584179,0.00693563456620554,1.96983550759792,10937.8642215978,0.999896988447829,"Middle Skeena"
"alpha_dev[27]3",-0.000244565626683415,0.00894671078090447,1.00556053204662,-1.98417623253856,0.00212468510836669,1.9712109317239,12632.5097405293,0.999690784263795,"Middle Skeena"
"alpha_dev[28]3",-0.0043210340707187,0.00971495074634245,1.0017538567196,-2.02972120399476,-0.0148448014949355,1.99758190372802,10632.6333954842,0.999994068856561,"Middle Skeena"
"ln_alpha[1]4",1.68283558581784,0.0127689131046857,0.600520056122761,0.529096632179717,1.6799753325056,2.87631540444135,2211.80670370497,1.001093742007,"Upper Skeena"
"ln_alpha[2]4",1.70886288242934,0.0124940262592051,0.58678308042031,0.588618912923296,1.71121833941678,2.88515885721148,2205.71977414452,1.00094208916481,"Upper Skeena"
"ln_alpha[3]4",1.70461818579634,0.01218540509057,0.574120836434111,0.602521937866358,1.71705165067886,2.86120054596848,2219.86556807206,1.00077132449051,"Upper Skeena"
"ln_alpha[4]4",1.75331280369702,0.0117191963785688,0.551685309920253,0.693588465981083,1.76122186676185,2.83051354415276,2216.08888837643,1.00108601465256,"Upper Skeena"
"ln_alpha[5]4",1.81403258378974,0.0120207902898019,0.55413222507046,0.748313711434322,1.82596926067367,2.9033934430178,2125.00899366938,1.00120355873259,"Upper Skeena"
"ln_alpha[6]4",1.74172691959414,0.0111016406398666,0.521958626139248,0.727704587277942,1.75211715175275,2.77066299798128,2210.53720324492,1.00115091921146,"Upper Skeena"
"ln_alpha[7]4",1.75134608424026,0.0113785156647466,0.524793325339476,0.729406292605298,1.761011524445,2.77201402058343,2127.18558863977,1.0014558607483,"Upper Skeena"
"ln_alpha[8]4",1.64512355532109,0.0105052829609215,0.506371305427251,0.665906366027607,1.65281811022903,2.629186250618,2323.39294184577,1.00097333252742,"Upper Skeena"
"ln_alpha[9]4",1.65461474592946,0.0112385531393427,0.533199561392396,0.644842422099363,1.65331263983837,2.71697689485865,2250.91326314012,1.00118696277627,"Upper Skeena"
"ln_alpha[10]4",1.59535070129001,0.0115678311977592,0.547942839839404,0.552563668103157,1.59198999585401,2.70141339398045,2243.7095024219,1.00104293137654,"Upper Skeena"
"ln_alpha[11]4",1.6292243041027,0.0118763992939717,0.55411079652468,0.588542804916587,1.62156946281384,2.74441785613463,2176.82563625076,1.00111206256059,"Upper Skeena"
"ln_alpha[12]4",1.5064488137161,0.0113051590355324,0.540668755054429,0.49662377830408,1.49489797415943,2.5887040473949,2287.22659921372,1.00102069898345,"Upper Skeena"
"ln_alpha[13]4",1.44699795744291,0.0112893822525458,0.530565428033911,0.458083947938366,1.43587331005672,2.52382609354528,2208.70410739796,1.00091123505971,"Upper Skeena"
"ln_alpha[14]4",1.28258516016245,0.00995793231489603,0.493429910452441,0.350291922506174,1.27284668532294,2.27130566050727,2455.34545315384,1.00064185274767,"Upper Skeena"
"ln_alpha[15]4",1.17394897057705,0.0095909582381929,0.482001702949765,0.274627593566573,1.16927104163644,2.15766512034594,2525.6498762802,1.00075874044931,"Upper Skeena"
"ln_alpha[16]4",1.04947510482847,0.00933294559413099,0.477554719750541,0.142145680710397,1.03734603975766,2.04482038512899,2618.23615057566,1.00034939152555,"Upper Skeena"
"ln_alpha[17]4",1.00007801765031,0.00897038377820859,0.46003119319794,0.142494177576112,0.992135277782114,1.9298152505737,2629.98041237954,1.00024742596232,"Upper Skeena"
"ln_alpha[18]4",0.898008908505733,0.008349148173284,0.450914069431973,0.0548583402806818,0.888576192810001,1.81799651965655,2916.77705941814,1.00017235026715,"Upper Skeena"
"ln_alpha[19]4",0.883981067669045,0.00781438440222224,0.427729377368315,0.0830817634800126,0.867173349955771,1.7705085146566,2996.04696536092,1.00007166525389,"Upper Skeena"
"ln_alpha[20]4",0.795489289755933,0.00685613801346674,0.403993342235592,0.0186059695735846,0.79745198316957,1.60313630692252,3472.07672446868,1.00010591689226,"Upper Skeena"
"ln_alpha[21]4",0.729192288659901,0.00656987881389217,0.397237148966324,-0.0441278394166005,0.725227231957346,1.51406227220927,3655.82160371873,1.00017220057663,"Upper Skeena"
"ln_alpha[22]4",0.677829434416646,0.00672091765125538,0.409121130609199,-0.111257494506465,0.673137146769549,1.49581888071233,3705.4987690304,1.00031383697826,"Upper Skeena"
"ln_alpha[23]4",0.676703601211555,0.00692666708348915,0.427603042713722,-0.153934016859751,0.670587959926156,1.52098546900685,3810.94731179278,1.0002323949297,"Upper Skeena"
"ln_alpha[24]4",0.587148403404598,0.00712005600078678,0.483240894399868,-0.403526646446197,0.594955525182341,1.51771272762853,4606.38825266856,0.999987757846524,"Upper Skeena"
"ln_alpha[25]4",0.587910019533084,0.00727533033267256,0.53613640564796,-0.557730140536741,0.595670278846713,1.61894579655291,5430.56683252861,1.00005228474787,"Upper Skeena"
"ln_alpha[26]4",0.583742201334171,0.00759396796374138,0.583563701383775,-0.647611830191321,0.59108811655001,1.70978522052492,5905.25993743809,1.00002351370363,"Upper Skeena"
"ln_alpha[27]4",0.585623323504821,0.00784451335083167,0.626169072157121,-0.758849686301752,0.595032954281822,1.79649340424951,6371.63975275633,0.999890496692454,"Upper Skeena"
"ln_alpha[28]4",0.588620041156307,0.00821260440732327,0.666157966359455,-0.814615799075103,0.602932536874205,1.8574966759596,6579.4962549032,0.999842662335702,"Upper Skeena"
"beta4",8.55007639391333e-05,8.90489697408226e-07,3.96740115156319e-05,1.16183594230176e-05,8.44482019702483e-05,0.000168067420474899,1984.97221323983,1.00082427807018,"Upper Skeena"
"pi[1]4",0.185845029801273,0.000720098952177791,0.0387638763683665,0.0966629183593,0.190903140917479,0.24975162246332,2897.810899616,1.00165415568257,"Upper Skeena"
"pi[2]4",0.477728320697184,0.00171836766892191,0.0882101738196173,0.254200526508428,0.500000906310215,0.592806224530778,2635.14895963539,1.00120065312369,"Upper Skeena"
"pi[3]4",0.174631956969612,0.000673297633041781,0.0363540007382022,0.0896926011542773,0.178481380762036,0.236289697464181,2915.34695811759,1.00088135241975,"Upper Skeena"
"pi[4]4",0.161794692531931,0.00300981284780896,0.14906003052218,0.00378637791450457,0.116681046302051,0.553255359091776,2452.69433633422,1.00145246624462,"Upper Skeena"
"alpha_dev[1]4",0.105658701234947,0.00772440226122234,0.939837773551151,-1.74929113096004,0.106547703808758,1.97014830019852,14803.8960670057,0.999833140924006,"Upper Skeena"
"alpha_dev[2]4",-0.0041437224485217,0.00777690778146101,0.904973537214791,-1.75755721205609,-0.0182276115941144,1.78874291890209,13541.2221106995,0.99984551950629,"Upper Skeena"
"alpha_dev[3]4",0.205368162839016,0.00876702886571558,0.947103025456178,-1.65872329929359,0.211069964081923,2.01234469078925,11670.503008515,0.999738658611732,"Upper Skeena"
"alpha_dev[4]4",0.244347180069277,0.00816207197916825,0.911156554443537,-1.5379618587044,0.239066827483785,2.02775005181131,12461.9259557204,0.999658861519194,"Upper Skeena"
"alpha_dev[5]4",-0.31751292390542,0.00849884417127769,0.923587883279912,-2.13523557799945,-0.306436655476338,1.50724488357158,11809.6416755201,1.00004337129897,"Upper Skeena"
"alpha_dev[6]4",0.0024548581438391,0.00785078079763432,0.889146592104503,-1.74548927107869,0.0082426592726199,1.77328772080273,12826.8800491528,0.99982595152693,"Upper Skeena"
"alpha_dev[7]4",-0.470122389693583,0.00812743408344969,0.8911905430011,-2.20788979352894,-0.471069829724067,1.28791174368599,12023.5918886599,0.999719172514245,"Upper Skeena"
"alpha_dev[8]4",-0.019695909472225,0.00857348464848837,0.927291761916051,-1.88344147711122,-0.00153664942803856,1.74055089141161,11698.1733834293,1.00015003125844,"Upper Skeena"
"alpha_dev[9]4",-0.301080403010442,0.00799689100888663,0.917100769937663,-2.09683949357458,-0.303690103093917,1.49952126668338,13151.9988477496,0.999810114503093,"Upper Skeena"
"alpha_dev[10]4",0.0644971135214191,0.008927201672781,0.959512564387526,-1.87876877078194,0.0802121701513505,1.92429013249471,11552.3580309073,0.999564272517687,"Upper Skeena"
"alpha_dev[11]4",-0.591786490663235,0.00799583058566361,0.899705469041818,-2.35767960656175,-0.592562138357426,1.17907827763392,12661.1616403697,0.999788743614319,"Upper Skeena"
"alpha_dev[12]4",-0.334100513771024,0.00775533441065707,0.905670803363276,-2.11449737046618,-0.329311816888196,1.42643440020389,13637.6542575686,0.999610993610177,"Upper Skeena"
"alpha_dev[13]4",-0.766740015765033,0.00804626153993714,0.904289075605971,-2.58429893440921,-0.75222118335393,0.969368147605496,12630.6668037807,0.999733316230273,"Upper Skeena"
"alpha_dev[14]4",-0.547582065799453,0.00782397284977349,0.919159344918139,-2.33186670060526,-0.533979897309631,1.24059350385369,13801.5208054864,0.999770614927022,"Upper Skeena"
"alpha_dev[15]4",-0.610417194179088,0.00785115246478896,0.904506561036805,-2.41166101968964,-0.624520258196354,1.19243922072814,13272.6187769928,0.999815337191068,"Upper Skeena"
"alpha_dev[16]4",-0.286479376547696,0.00832759722070961,0.931868493678136,-2.1488907458017,-0.285492776355123,1.55785515063625,12521.888547147,0.999746487297185,"Upper Skeena"
"alpha_dev[17]4",-0.484418813432052,0.00790900470493296,0.904331554492093,-2.25979907607991,-0.49005095145323,1.33345936253218,13074.0969692396,0.999737627588209,"Upper Skeena"
"alpha_dev[18]4",-0.114870714392819,0.00840055100276924,0.936871810701812,-1.98221053391918,-0.107044511929869,1.69572052098478,12437.8351867929,0.999784542345039,"Upper Skeena"
"alpha_dev[19]4",-0.409548935104402,0.00847274058984005,0.940203930628289,-2.2294143191001,-0.425319491451407,1.43046508065774,12313.9193637958,0.999899039688094,"Upper Skeena"
"alpha_dev[20]4",-0.316922357594661,0.00828806306747457,0.932955199801888,-2.16284775494779,-0.309296133563629,1.52419539472252,12671.1340333542,0.999747292996602,"Upper Skeena"
"alpha_dev[21]4",-0.254071531052319,0.00819392472021021,0.926671128914436,-2.06765294524901,-0.243640789046447,1.56956688415304,12789.9052058811,0.999636417452616,"Upper Skeena"
"alpha_dev[22]4",-0.0323111771955415,0.00813003261544384,0.945784534771861,-1.94918811571587,-0.0198389494699543,1.82512459152676,13533.1794560287,0.999705336011093,"Upper Skeena"
"alpha_dev[23]4",-0.365282880277661,0.00883130962872713,0.975688543622801,-2.26890499749527,-0.375031030607901,1.5345234372882,12205.9669059153,0.999667481128892,"Upper Skeena"
"alpha_dev[24]4",0.0061117942506852,0.00784976175774727,0.990562220134858,-1.95169211464443,-0.00486796860020985,1.95597469362093,15923.9413042046,0.999576143390212,"Upper Skeena"
"alpha_dev[25]4",-0.0178125234501253,0.00845545805159012,1.00122545853927,-1.97800442132673,-0.0152094749905027,1.95005232147558,14021.3389977754,0.999708214483041,"Upper Skeena"
"alpha_dev[26]4",0.00569159585875992,0.00813149259606876,1.02280692545776,-1.99943945732642,-0.00762313837525849,1.98401948537122,15821.4680359422,0.999988871686715,"Upper Skeena"
"alpha_dev[27]4",0.00658906084461636,0.00751054048751716,0.986643424777103,-1.94038297590566,-0.000814457050680343,1.92009764139099,17257.5074167444,0.999641034370836,"Upper Skeena"
"alpha_dev[28]4",0.0066407276908476,0.00826813139476833,0.99755222566203,-1.97559674315678,0.00515999969081596,2.03849151978251,14556.4859142432,0.999805297038673,"Upper Skeena"
"ln_alpha[1]5",1.4006364536031,0.0155099604167353,0.516532922478243,0.484137463409445,1.38964614611949,2.42053786212274,1109.11003881486,1.00204216544186,"Zymoetz-Fiddler"
"ln_alpha[2]5",1.40875205428257,0.0154075733847042,0.504568467400672,0.502093220414055,1.40188836285704,2.40138403590989,1072.43683547414,1.00209296704446,"Zymoetz-Fiddler"
"ln_alpha[3]5",1.36775477481453,0.0147699946215397,0.487607424151934,0.499750860548795,1.36254332975802,2.34606399098316,1089.88316565299,1.00216139998334,"Zymoetz-Fiddler"
"ln_alpha[4]5",1.3873832191022,0.0148053679989555,0.480932584127834,0.513067717208593,1.38695057648725,2.33990816921477,1055.18835952265,1.00241586473086,"Zymoetz-Fiddler"
"ln_alpha[5]5",1.40120252880283,0.015056074594937,0.490279186305773,0.522237815394035,1.39865022131517,2.3683840949468,1060.38456552865,1.00258288553326,"Zymoetz-Fiddler"
"ln_alpha[6]5",1.36479023450369,0.0149135071131228,0.487894459884119,0.505246300902665,1.35645441858638,2.32342792518995,1070.26716534183,1.00244467200454,"Zymoetz-Fiddler"
"ln_alpha[7]5",1.36064056016781,0.014796587172405,0.485987952043202,0.50500192203137,1.35732935050848,2.3249670763483,1078.76759377999,1.00255258786611,"Zymoetz-Fiddler"
"ln_alpha[8]5",1.31602216837047,0.0144042472778219,0.474568119622472,0.482133137168496,1.309148577848,2.251636457008,1085.46539696864,1.00236636538774,"Zymoetz-Fiddler"
"ln_alpha[9]5",1.30837452329941,0.0146797609548483,0.483288951954295,0.468567784619314,1.29439709564303,2.28375019308947,1083.86643485227,1.00205054973022,"Zymoetz-Fiddler"
"ln_alpha[10]5",1.27899091712361,0.0147251098772317,0.48787660497719,0.457198704848399,1.26192866084457,2.26283568034257,1097.74861473645,1.00201525417903,"Zymoetz-Fiddler"
"ln_alpha[11]5",1.26398542126797,0.0146715630895184,0.486356665220461,0.444899636926109,1.24319695509449,2.26341197261784,1098.89696269447,1.0022050798104,"Zymoetz-Fiddler"
"ln_alpha[12]5",1.19862972814624,0.0144006611062744,0.481576089287449,0.378854557990588,1.17886006819251,2.17459484739556,1118.31711363115,1.00249737517872,"Zymoetz-Fiddler"
"ln_alpha[13]5",1.18225170739789,0.0139248707112135,0.470252962779552,0.392729007885734,1.15520368978803,2.1311191965677,1140.46178617209,1.00256971281785,"Zymoetz-Fiddler"
"ln_alpha[14]5",1.11760367763961,0.0133655841967831,0.456133909783841,0.348027440118816,1.08639395292741,2.06829064914365,1164.68592486197,1.00240883240312,"Zymoetz-Fiddler"
"ln_alpha[15]5",1.07146555137361,0.0129043657402422,0.451787034669049,0.30164011907622,1.04765507539396,2.01652667024448,1225.72826202817,1.00241018455627,"Zymoetz-Fiddler"
"ln_alpha[16]5",1.02857467794993,0.0125945326092248,0.447221677630566,0.264349763142196,0.999646584076586,1.96213659733927,1260.90272246631,1.00230466140909,"Zymoetz-Fiddler"
"ln_alpha[17]5",0.990392708436222,0.012173917059462,0.441011277248105,0.231950958064763,0.960079924640964,1.91262495172004,1312.31687375509,1.0021097816253,"Zymoetz-Fiddler"
"ln_alpha[18]5",1.02538045704069,0.0118859991333123,0.425291813610852,0.31087736090061,0.994303228878658,1.9170917741377,1280.2732095305,1.00237388447611,"Zymoetz-Fiddler"
"ln_alpha[19]5",1.06281198948457,0.0116361033446547,0.411646674788162,0.366647487996742,1.03365062485083,1.91648943171515,1251.50930733717,1.00244855898607,"Zymoetz-Fiddler"
"ln_alpha[20]5",1.0546215673282,0.011308729692157,0.399158173692484,0.367120778777848,1.03328320776396,1.87200947271206,1245.84039105065,1.00236234697535,"Zymoetz-Fiddler"
"ln_alpha[21]5",1.02744953686614,0.0110147601213003,0.39348626739599,0.351641100927068,1.00300161842473,1.85290512301875,1276.17159302225,1.002192978404,"Zymoetz-Fiddler"
"ln_alpha[22]5",1.07440286348706,0.011277655396834,0.398908742901226,0.378783512660431,1.05891044844471,1.88481598061761,1251.1502575995,1.00236344802895,"Zymoetz-Fiddler"
"ln_alpha[23]5",1.1046123272381,0.011560584189468,0.41133056041205,0.385597012627314,1.09240871284888,1.94997406241801,1265.96702298863,1.00266054772942,"Zymoetz-Fiddler"
"ln_alpha[24]5",1.11401312102006,0.0117239572519658,0.423803473715727,0.372045449018501,1.0985815730284,1.96468828286182,1306.7140830401,1.00259255626578,"Zymoetz-Fiddler"
"ln_alpha[25]5",1.11228210930153,0.0119267940332261,0.444832810122677,0.332796600869831,1.0937889794635,2.00999075389157,1391.06103709053,1.00272147405894,"Zymoetz-Fiddler"
"ln_alpha[26]5",1.11178675307264,0.0119621678945967,0.468010924909646,0.28057595689717,1.09293632745878,2.06756107763662,1530.70744605886,1.00191057711035,"Zymoetz-Fiddler"
"ln_alpha[27]5",1.11403199556885,0.0120316809229164,0.490310309608344,0.24439350289252,1.09229095323358,2.12264844325588,1660.69331787715,1.00189028316042,"Zymoetz-Fiddler"
"ln_alpha[28]5",1.11325212127205,0.0120973049467813,0.509431231597468,0.208250206005136,1.08844643253837,2.14745532689948,1773.34762030508,1.00152261006705,"Zymoetz-Fiddler"
"beta5",4.40322347935666e-05,7.66088860156479e-07,2.4807287486382e-05,3.51535012574649e-06,4.2687687978277e-05,9.57554765552705e-05,1048.57684871314,1.00259233094667,"Zymoetz-Fiddler"
"pi[1]5",0.347363919491864,0.00137866103161766,0.0582019021801129,0.19331475945533,0.361267985560643,0.425124713886396,1782.21197253674,1.0014154006196,"Zymoetz-Fiddler"
"pi[2]5",0.432958267508671,0.00169925270747566,0.0712209939335168,0.243718590620076,0.451512415709686,0.521099000447865,1756.71018531916,1.0019038278276,"Zymoetz-Fiddler"
"pi[3]5",0.0847034553498086,0.000352736098154218,0.0167885355935438,0.0460826203645593,0.0861890404427812,0.114632914413958,2265.30048711106,1.00130954309692,"Zymoetz-Fiddler"
"pi[4]5",0.134974357649656,0.00335566420797429,0.137181517010616,0.00279780056000917,0.0898424689581804,0.512071076240508,1671.22225735457,1.00180563686836,"Zymoetz-Fiddler"
"alpha_dev[1]5",0.0422362710235151,0.00986718351478273,0.972707177119982,-1.8455903159058,0.0458146681585383,1.93865849251085,9718.02092044338,0.999593091485101,"Zymoetz-Fiddler"
"alpha_dev[2]5",-0.268323599044608,0.0107576643521477,0.973230854198346,-2.15870500002697,-0.272385525839543,1.59768021323532,8184.56793899264,0.999763106000615,"Zymoetz-Fiddler"
"alpha_dev[3]5",0.102336142534721,0.010034790988564,0.956135902297118,-1.76202431894038,0.0986726229797638,1.99274139597192,9078.67751401959,0.999842710288923,"Zymoetz-Fiddler"
"alpha_dev[4]5",0.0490260861892668,0.0103884828359732,0.968411563513191,-1.85600240129674,0.0555047453768938,1.93518008095813,8689.91803317076,1.00028091300721,"Zymoetz-Fiddler"
"alpha_dev[5]5",-0.267564323858296,0.0102842171086586,0.939200538709611,-2.06973043979291,-0.28027411172792,1.58817704743334,8340.15636804501,0.999681674762512,"Zymoetz-Fiddler"
"alpha_dev[6]5",-0.07769617518246,0.0102479473579441,0.932473252150824,-1.91118379519611,-0.0792214713919223,1.76087230666856,8279.40246435763,1.0001399883413,"Zymoetz-Fiddler"
"alpha_dev[7]5",-0.351166870139942,0.0105391543991998,0.958068022644782,-2.2194818170786,-0.359075868021428,1.53236048906574,8263.82584272776,1.00017934174206,"Zymoetz-Fiddler"
"alpha_dev[8]5",-0.118461183155962,0.0102349790145208,0.923415865327073,-1.94623230883087,-0.111914295270406,1.65728007303769,8139.93151202725,0.999693620056243,"Zymoetz-Fiddler"
"alpha_dev[9]5",-0.257311559857378,0.0104670543719611,0.953304071757539,-2.12361630577629,-0.261213726008368,1.64235998160084,8294.95311570827,0.999849384473631,"Zymoetz-Fiddler"
"alpha_dev[10]5",-0.180242900094159,0.0100762783339013,0.929841922978416,-2.01273350739216,-0.183254769606521,1.61790239508031,8515.65258563252,0.999739915876193,"Zymoetz-Fiddler"
"alpha_dev[11]5",-0.492440060743675,0.0109170969565801,0.933189012166127,-2.29170517621275,-0.510679647518107,1.3702787840318,7306.76093808599,0.999936609519725,"Zymoetz-Fiddler"
"alpha_dev[12]5",-0.206926410252056,0.0106953064692792,0.939363853151501,-2.06014623690961,-0.204481995216444,1.61966443724372,7714.02819179962,0.999878329744628,"Zymoetz-Fiddler"
"alpha_dev[13]5",-0.484696693498247,0.0101327007251894,0.9233782223459,-2.29128733153173,-0.488530127848349,1.32913085273692,8304.41078458867,1.00016733650075,"Zymoetz-Fiddler"
"alpha_dev[14]5",-0.371181110093203,0.00948266858151449,0.936302351376353,-2.15448483867331,-0.363913399023807,1.44860237885938,9749.24722571766,0.999842285376529,"Zymoetz-Fiddler"
"alpha_dev[15]5",-0.334629922842027,0.0101932358456808,0.939676224318327,-2.15609069536505,-0.323816149825446,1.54387101145953,8498.3053463605,1.00008240733654,"Zymoetz-Fiddler"
"alpha_dev[16]5",-0.284945265226864,0.0101420177219712,0.953019000246272,-2.12809959498556,-0.286316997793202,1.55778506502708,8829.87159860966,1.00019611351123,"Zymoetz-Fiddler"
"alpha_dev[17]5",0.190891336597435,0.0112083886685682,0.9523182803876,-1.68070317517094,0.205818634477611,2.05366855701919,7219.01388605567,0.99981559193971,"Zymoetz-Fiddler"
"alpha_dev[18]5",0.22238567976796,0.0105909724807784,0.952350006866882,-1.6542689116632,0.23082018736078,2.07477705865939,8085.77215421466,0.999760423458663,"Zymoetz-Fiddler"
"alpha_dev[19]5",-0.0665288401147406,0.010062450181924,0.946908144591356,-1.90839857591307,-0.0617668569603121,1.78916269707992,8855.40070308987,0.999765907709631,"Zymoetz-Fiddler"
"alpha_dev[20]5",-0.174611312231032,0.0100963863259827,0.937854462869666,-2.01376679544124,-0.180058432082871,1.68543472648197,8628.57302244789,0.999871834265664,"Zymoetz-Fiddler"
"alpha_dev[21]5",0.29637126002183,0.0108341124662542,0.957505927478035,-1.60192345160777,0.312630866343603,2.16612064660651,7810.81340938448,1.00008484909056,"Zymoetz-Fiddler"
"alpha_dev[22]5",0.199366281774869,0.00969758569962384,0.963696042812117,-1.65622964196142,0.200712130524067,2.09416057410312,9875.35914322128,1.00082994337685,"Zymoetz-Fiddler"
"alpha_dev[23]5",0.0621778147467509,0.0104231141886663,0.977283661520552,-1.86545459312455,0.055231949907262,1.9852233079411,8791.16203990757,0.99977026730835,"Zymoetz-Fiddler"
"alpha_dev[24]5",-0.00793580818729666,0.0098789666238298,0.990901097661823,-1.93155656894211,-0.0119975204954022,1.93872279800566,10060.9173814334,0.999678948530754,"Zymoetz-Fiddler"
"alpha_dev[25]5",-0.00388980779234721,0.00988152511917637,1.01796315539483,-1.99510030830738,-0.0109212531907439,1.99086289125879,10612.4623019388,1.00037318895076,"Zymoetz-Fiddler"
"alpha_dev[26]5",0.0240833370065435,0.00982308291729958,0.995554819463926,-1.91713997712299,0.0285080670972703,1.97526433810614,10271.5205243929,0.999832695110731,"Zymoetz-Fiddler"
"alpha_dev[27]5",-0.00145660853888623,0.00940226864636688,0.996456650474157,-1.96466467743507,-0.0117954478977822,2.00313074713601,11231.8555186973,0.99984343521613,"Zymoetz-Fiddler"
"alpha_dev[28]5",-0.00659328933244806,0.0101360393221164,0.986913982691475,-1.93865312448808,-0.0103608279461278,1.88904015360846,9480.29891455007,1.00047946683452,"Zymoetz-Fiddler"
"ln_alpha[1]6",1.25045370339787,0.0143591674587886,0.602426927140124,0.303250013985653,1.18130778475618,2.53994795975102,1760.15223147007,1.00049328716378,"Lower Nass"
"ln_alpha[2]6",1.22324774783832,0.0139888644459987,0.582334731094389,0.311071478190671,1.1561259812379,2.49100272091244,1732.92777171765,1.00039452934171,"Lower Nass"
"ln_alpha[3]6",1.17653119599361,0.0132574051131293,0.556536715339541,0.312990851183904,1.12019876506944,2.39509508729039,1762.26244464351,1.00065298541886,"Lower Nass"
"ln_alpha[4]6",1.18634951574616,0.0133645121019045,0.554400822752732,0.32251933070716,1.12433753358593,2.38104026971201,1720.84405191243,1.00052964132277,"Lower Nass"
"ln_alpha[5]6",1.22810558603828,0.0138814133111513,0.577248250462447,0.330706613241123,1.17148917824604,2.462939235972,1729.2503811627,1.00035787038579,"Lower Nass"
"ln_alpha[6]6",1.14384665466801,0.0123681178223984,0.525693219200804,0.314677837928646,1.08971103429711,2.27578341692834,1806.58135086886,1.00032456017085,"Lower Nass"
"ln_alpha[7]6",1.14210425254357,0.0119330087774077,0.506694740630412,0.334888173715354,1.09150657980166,2.22481085186221,1802.98815155139,1.00049439980827,"Lower Nass"
"ln_alpha[8]6",1.03631454452049,0.0103330947850074,0.456191369555727,0.296301475429786,0.993486815251902,2.02678314025677,1949.09632809349,1.00067997686658,"Lower Nass"
"ln_alpha[9]6",0.988202776292572,0.0102859428474987,0.449695614355542,0.279103007016789,0.937764411966235,1.97262263199876,1911.38903599815,1.00059988298193,"Lower Nass"
"ln_alpha[10]6",0.935726796501969,0.010191549839253,0.447734340188241,0.248305280519637,0.880350733387093,1.93956253787957,1930.01349120876,1.00048625162934,"Lower Nass"
"ln_alpha[11]6",0.970145801721964,0.0104888751616236,0.451816674034064,0.269247047872167,0.914242457318016,1.96946617230616,1855.52442528586,1.0004144815396,"Lower Nass"
"ln_alpha[12]6",0.889567280814446,0.00967247851359787,0.427913056734354,0.22670867443955,0.832643094260467,1.84557745978124,1957.20145055372,1.00037897274886,"Lower Nass"
"ln_alpha[13]6",0.833531724935984,0.00913630444856849,0.411799799453622,0.188330034850093,0.775034713333549,1.77329933295333,2031.56693279732,1.0004257120392,"Lower Nass"
"ln_alpha[14]6",0.68364027147743,0.00744650684270796,0.358691751963939,0.0929950584518701,0.63897854282773,1.48571915878697,2320.26503077063,1.0006379147832,"Lower Nass"
"ln_alpha[15]6",0.576128301052036,0.00628717684726416,0.329577998960323,-0.0104707267419178,0.543795223805736,1.27975348417279,2747.92624667812,1.00027504676121,"Lower Nass"
"ln_alpha[16]6",0.518609096253799,0.00591230478981543,0.316793721114237,-0.050096704797288,0.494385625763722,1.21209095814347,2871.0417056942,1.00015132924777,"Lower Nass"
"ln_alpha[17]6",0.4507080353756,0.00525513365380803,0.306755229137889,-0.122179372096653,0.434527530059381,1.10697003001032,3407.34742179164,1.00016867261871,"Lower Nass"
"ln_alpha[18]6",0.465639856506921,0.00526608906149065,0.30030367568117,-0.0869655267411351,0.442555407999847,1.11363709109997,3251.95776414063,1.00037333864123,"Lower Nass"
"ln_alpha[19]6",0.472701102290761,0.0050654961100457,0.291443740757209,-0.057731101172057,0.448939957100358,1.09681295235815,3310.28581283456,1.00054157145706,"Lower Nass"
"ln_alpha[20]6",0.511713854955976,0.00508493798299324,0.294956409451466,-0.0165757898681725,0.484502209794268,1.14497293041531,3364.68455581413,1.00035433627499,"Lower Nass"
"ln_alpha[21]6",0.520001091805515,0.00506959101032117,0.301053944389583,-0.0225076055697848,0.494099965251883,1.16116655294322,3526.49112617275,1.0001101239781,"Lower Nass"
"ln_alpha[22]6",0.464224614108727,0.0048570748893441,0.305147113635225,-0.0994761072186391,0.444389102146494,1.11217186547642,3947.01642099528,1.00051614683662,"Lower Nass"
"ln_alpha[23]6",0.47168547214959,0.00503222293996978,0.331187213135172,-0.140208823472361,0.449245839798282,1.18703129034386,4331.39085238161,1.00032784099808,"Lower Nass"
"ln_alpha[24]6",0.426261364844626,0.00517567233401117,0.375698880671232,-0.307303185606491,0.410205541285421,1.19636255592202,5269.21906667715,0.99993415952416,"Lower Nass"
"ln_alpha[25]6",0.425306311176887,0.00533819615539806,0.420544506486228,-0.408050334797435,0.414029766281885,1.30612124536657,6206.33011633914,1.00005668671858,"Lower Nass"
"ln_alpha[26]6",0.424418704376477,0.00569452517262235,0.47014521981675,-0.507391168568964,0.414752005196084,1.41094193191415,6816.30500676046,0.999977666846292,"Lower Nass"
"ln_alpha[27]6",0.421631436598508,0.00597565096916093,0.504976088735908,-0.603969987694141,0.416915695521534,1.47777722492842,7141.19977434552,0.999907576795392,"Lower Nass"
"ln_alpha[28]6",0.42275364345672,0.00617825018214696,0.539846546378504,-0.649825553299996,0.415959803376852,1.54945248003832,7635.01111113202,0.999950957686607,"Lower Nass"
"beta6",7.67771871501027e-05,1.29792788173902e-06,5.31423512946384e-05,3.46612338929718e-06,6.82163423989186e-05,0.000197805295283544,1676.41063787605,1.00058448557689,"Lower Nass"
"pi[1]6",0.18566369579703,0.000724516032336654,0.0406798174735754,0.0929894953834591,0.189730105674856,0.255851361032039,3152.55005581976,1.00095233264908,"Lower Nass"
"pi[2]6",0.446456756254008,0.00157079133449872,0.0860649417181047,0.232732342935192,0.465084039502448,0.566006727516949,3002.03370875838,1.00104184983157,"Lower Nass"
"pi[3]6",0.198774918159415,0.000790084225767176,0.042326846701317,0.1015799776696,0.202888333662447,0.272238986619705,2870.02082740177,1.00080548484408,"Lower Nass"
"pi[4]6",0.169104629789546,0.00290887311060778,0.151962837787131,0.00450054328539577,0.126050167870379,0.565183280570623,2729.13636273525,1.00122030879312,"Lower Nass"
"alpha_dev[1]6",-0.138132267257587,0.00832042639935932,0.95788563577548,-1.99869059208098,-0.148568299968379,1.77504176907206,13253.6700583107,1.00000911189807,"Lower Nass"
"alpha_dev[2]6",-0.231668218320691,0.00863889546600878,0.916984275511177,-2.01296248114619,-0.231586282388691,1.57916772437837,11266.9752174411,0.999556357029212,"Lower Nass"
"alpha_dev[3]6",0.017386729224542,0.00768894685987644,0.927651233863401,-1.84658405994754,0.0182577332607327,1.83815371429878,14555.7884261046,0.999620925252541,"Lower Nass"
"alpha_dev[4]6",0.159269846154344,0.00877196113391027,0.934560913529719,-1.71785589096309,0.179434207503486,1.98651188844233,11350.6786705408,0.999570445410116,"Lower Nass"
"alpha_dev[5]6",-0.420323276259355,0.00886867174149067,0.932287155266682,-2.22965137692631,-0.431166810028743,1.41231488073175,11050.5079239056,0.999878616903043,"Lower Nass"
"alpha_dev[6]6",-0.0596121805817554,0.00844994821306272,0.923944151456264,-1.89296838643292,-0.0527953878168469,1.73538057613607,11955.9295374618,1.00004151695703,"Lower Nass"
"alpha_dev[7]6",-0.548737645227249,0.0092962831721203,0.93680052832271,-2.34453129406059,-0.556935255447497,1.32235851210499,10154.8980012331,0.999536342779892,"Lower Nass"
"alpha_dev[8]6",-0.322713883295181,0.00775508089762295,0.90781339065527,-2.09659721080642,-0.327666562543178,1.43392270822313,13703.1529088008,0.999733938187312,"Lower Nass"
"alpha_dev[9]6",-0.329742907939602,0.00823812710289497,0.90671380289136,-2.12040711984204,-0.329702412936167,1.46857543223012,12113.8858681209,0.999827650295357,"Lower Nass"
"alpha_dev[10]6",0.0845892196005349,0.00910085559653424,0.939525419039901,-1.79058182884839,0.0867960481761202,1.91795734648655,10657.4332712753,0.999777866330709,"Lower Nass"
"alpha_dev[11]6",-0.462302640534506,0.00827379623568465,0.920082540502297,-2.26989228515611,-0.465895751970576,1.35422299141426,12366.4184285765,0.999810835200592,"Lower Nass"
"alpha_dev[12]6",-0.356869360841606,0.00811191364560168,0.930075287424019,-2.16944071251033,-0.366943835626437,1.46887159108635,13145.8772472267,0.999580082964088,"Lower Nass"
"alpha_dev[13]6",-0.793901274157222,0.0095013678281692,0.958739284379241,-2.65481826976548,-0.798690642296584,1.09177249661145,10181.8989660492,0.999886206632242,"Lower Nass"
"alpha_dev[14]6",-0.594489779300398,0.00862910889851335,0.942186685299591,-2.40599231350345,-0.603387042569552,1.28666682709323,11921.805321687,0.999934697355535,"Lower Nass"
"alpha_dev[15]6",-0.352351158926913,0.00766939303303901,0.924916230820681,-2.18946335865613,-0.351312182640349,1.47124912597197,14543.9647127247,0.999816659281804,"Lower Nass"
"alpha_dev[16]6",-0.383299213065809,0.00788122613129441,0.901379805637623,-2.10650535686703,-0.381913566599854,1.39845714913852,13080.6122102762,0.999779927567639,"Lower Nass"
"alpha_dev[17]6",0.0266341843458075,0.00865311742926655,0.930894558361751,-1.84676144208045,0.0306465548327133,1.82619285545707,11573.2620886163,0.999797699499537,"Lower Nass"
"alpha_dev[18]6",0.0139765292015645,0.00818156443075833,0.922510913984911,-1.81450740773168,0.0163231773323461,1.79791213535812,12713.6518939695,0.999680180101859,"Lower Nass"
"alpha_dev[19]6",0.160684593536096,0.00849911818459833,0.933836316693477,-1.66013918098971,0.162995637252064,1.94654354809062,12072.4046053638,0.99973291543249,"Lower Nass"
"alpha_dev[20]6",0.0261209054877822,0.00803301113807688,0.938187978520817,-1.7871112382132,0.0250244005487062,1.84454209308679,13640.2707031863,0.999801729573015,"Lower Nass"
"alpha_dev[21]6",-0.275120217063396,0.00881594476045562,0.953814229581671,-2.13420670245397,-0.276437512292843,1.62414703084467,11705.4974276454,1.00004268011286,"Lower Nass"
"alpha_dev[22]6",0.022714618430264,0.00786755952057038,0.927699453488007,-1.84877928457638,0.0258362908569619,1.80972455286659,13903.8324995667,0.999762186296546,"Lower Nass"
"alpha_dev[23]6",-0.214143912244599,0.0084724679015727,1.0009708371362,-2.1967722701408,-0.206261332285379,1.69914173055584,13957.9932840522,0.999700315592717,"Lower Nass"
"alpha_dev[24]6",0.00969751639701419,0.00762701484772093,1.00536464002435,-1.94172328313452,0.015057588468824,1.98043645571565,17375.5287450881,0.999602100921739,"Lower Nass"
"alpha_dev[25]6",0.00254811139390313,0.00794302712023625,1.02806899962132,-1.98968519106974,0.012540398303527,2.00880288870405,16752.2226509614,0.999837361718754,"Lower Nass"
"alpha_dev[26]6",-0.00700623651728618,0.00815220319134786,1.0044212736056,-1.99575526495463,-0.0200861180228239,1.93245608384335,15180.3509975128,0.999622892171754,"Lower Nass"
"alpha_dev[27]6",-0.000126784052489339,0.0083912241630011,1.00386730108225,-1.9920516121478,0.00189577523986756,1.95167856349197,14312.0541412476,0.999926106251636,"Lower Nass"
"alpha_dev[28]6",-0.00791529379281096,0.00803038302755186,0.983786279866226,-1.92338807452778,-0.0280512393503594,1.91043071748216,15008.2136010601,0.999579346472986,"Lower Nass"
"ln_alpha[1]7",1.40540815422166,0.0129561402803032,0.670885234749618,0.15917438981063,1.38059667710199,2.84472056931464,2681.298617803,1.00270625111298,"Upper Nass"
"ln_alpha[2]7",1.44644079516198,0.0119056115624972,0.617951523092779,0.322732198811707,1.41892880036785,2.7883814525909,2694.04841407521,1.00304768159954,"Upper Nass"
"ln_alpha[3]7",1.4837497408058,0.0112426369202995,0.586723494584268,0.400186563072736,1.44872998517686,2.73755342342357,2723.52011926938,1.00286739162625,"Upper Nass"
"ln_alpha[4]7",1.61475699634188,0.011228312339769,0.572479990748511,0.550675840549361,1.58596704412728,2.84906158995263,2599.51096575828,1.00223961760584,"Upper Nass"
"ln_alpha[5]7",1.71618540310249,0.0114917577485703,0.578046139509983,0.629902720331727,1.69253722712479,2.93856547512014,2530.18388646856,1.00246407450189,"Upper Nass"
"ln_alpha[6]7",1.64846983729173,0.0106154126054511,0.548179477953319,0.621494534461048,1.63188675107219,2.80666891762952,2666.68542622962,1.00212673214295,"Upper Nass"
"ln_alpha[7]7",1.62882482969789,0.0107170985239651,0.55485225345887,0.603109197119405,1.59970827814535,2.82342931574166,2680.40402780267,1.00175383737799,"Upper Nass"
"ln_alpha[8]7",1.47787699472251,0.010333588607999,0.551329284980514,0.471197059369643,1.45777631161828,2.66038329901748,2846.55636319667,1.0019034845844,"Upper Nass"
"ln_alpha[9]7",1.53255894569553,0.0116539933892119,0.594097496882022,0.455664409063049,1.49708021036927,2.80111349609315,2598.75842519662,1.00299883103884,"Upper Nass"
"ln_alpha[10]7",1.4779577610964,0.0121317690045785,0.619688643694655,0.356013924972529,1.44490581382801,2.82294794991319,2609.14857255869,1.00265712921169,"Upper Nass"
"ln_alpha[11]7",1.51585728146247,0.0123722871553989,0.619654660293307,0.422247664532699,1.48152136731707,2.88448192149626,2508.41539830753,1.00246515923979,"Upper Nass"
"ln_alpha[12]7",1.41496245162839,0.0121389518412443,0.611987226507502,0.324466370600232,1.37872421733998,2.75005670913443,2541.68858374885,1.00252569578661,"Upper Nass"
"ln_alpha[13]7",1.31443026374796,0.0114125364995305,0.593845958301253,0.252696831838305,1.27757501246041,2.60096109871394,2707.59217955371,1.0023488703101,"Upper Nass"
"ln_alpha[14]7",1.20980289481026,0.0108814311174286,0.566891945208582,0.198799840774832,1.1698473329808,2.45830651641508,2714.11683065409,1.00288917228218,"Upper Nass"
"ln_alpha[15]7",1.17220159009723,0.0108300509822795,0.562023740862281,0.16803858110129,1.12935992272071,2.4052074293791,2693.07420726216,1.00325315454451,"Upper Nass"
"ln_alpha[16]7",1.05267024062883,0.0102314949249498,0.544881067376844,0.077122852164162,1.01828823866936,2.2397551529568,2836.12422671031,1.00343272483929,"Upper Nass"
"ln_alpha[17]7",0.944091972273544,0.00936668152303845,0.511164401570439,0.0284347503345366,0.913113644328947,2.03714234626081,2978.17143806798,1.00331941050438,"Upper Nass"
"ln_alpha[18]7",0.839885766088852,0.00870946348300401,0.486296593595844,-0.0395056214251226,0.808028359679695,1.85602416720903,3117.59466570225,1.00382213096849,"Upper Nass"
"ln_alpha[19]7",0.736163045003935,0.00847111428128655,0.48015708820814,-0.158870683807709,0.71719998361538,1.73322937831859,3212.81417612557,1.00343731468629,"Upper Nass"
"ln_alpha[20]7",0.536165155047006,0.00850951394700445,0.485489579539321,-0.392118807140101,0.522738673626432,1.50620167632692,3254.99493117116,1.002691689454,"Upper Nass"
"ln_alpha[21]7",0.515486818933507,0.00803417760042144,0.473865690120436,-0.386320463173225,0.50320572121848,1.48801007792264,3478.78568625704,1.00334428251783,"Upper Nass"
"ln_alpha[22]7",0.476298805339682,0.00817095492572212,0.483383132419433,-0.450689151490774,0.466330593202499,1.46928467019556,3499.75267267892,1.00275284439458,"Upper Nass"
"ln_alpha[23]7",0.509011295450288,0.0082030465357047,0.497532483146229,-0.45085498163712,0.504955404308804,1.53686522590065,3678.684396955,1.00296661346574,"Upper Nass"
"ln_alpha[24]7",0.438519714198559,0.00864627824202635,0.548312261872916,-0.643966198515831,0.441039727363442,1.53808191708991,4021.58730858216,1.00290690060665,"Upper Nass"
"ln_alpha[25]7",0.438606817200017,0.00885374959261266,0.61630179059758,-0.807817161244856,0.455167848679916,1.67865417397145,4845.43073119668,1.00189057277005,"Upper Nass"
"ln_alpha[26]7",0.441766518345027,0.00933075983746737,0.680494421876973,-0.947457437293762,0.460307489683729,1.79079166885386,5318.81783594097,1.00111059594721,"Upper Nass"
"ln_alpha[27]7",0.442444029528728,0.0101535607787752,0.74447061515033,-1.10672949831858,0.467406902663549,1.89789086518004,5375.98904795657,1.00105957413783,"Upper Nass"
"ln_alpha[28]7",0.444849543250373,0.0105311246173731,0.804397318722261,-1.24854605616041,0.475001667641674,2.02574664668189,5834.33987192485,1.00069687617117,"Upper Nass"
"beta7",0.000345477146646923,3.42219814407352e-06,0.000160273652167772,7.40698351285693e-05,0.000328605081361899,0.000713297263632177,2193.38042785893,1.00404991983924,"Upper Nass"
"pi[1]7",0.221910481219867,0.00100547552646487,0.0448513334781801,0.111750373766981,0.22876528639011,0.292449473538525,1989.79213900323,0.999766176477802,"Upper Nass"
"pi[2]7",0.454560585748263,0.00198119268295334,0.0841267326281644,0.236482662401649,0.475189642914005,0.563495337284357,1803.07840892072,1.00035348254577,"Upper Nass"
"pi[3]7",0.164928006666049,0.000764485303146149,0.0341516500044781,0.0840878418129652,0.168837303334502,0.221704926486125,1995.65332783571,1.00004085266484,"Upper Nass"
"pi[4]7",0.158600926365822,0.00366485571773742,0.149467817935427,0.00395519422265425,0.113395114382419,0.555504982116064,1663.34227547707,1.00006933108028,"Upper Nass"
"alpha_dev[1]7",0.14824050059884,0.00972004706607224,0.960849990007989,-1.70803906727342,0.145159060605264,2.03602828518521,9771.79717723555,0.999857063974345,"Upper Nass"
"alpha_dev[2]7",0.140557539152392,0.00940620020786129,0.940866916468501,-1.73407648691337,0.143437855677978,2.02933600122191,10005.2503259495,0.999792551165808,"Upper Nass"
"alpha_dev[3]7",0.45112844806115,0.00938156109451349,0.965513862732206,-1.40855827801657,0.448136676374787,2.340128827634,10591.7276536558,1.00006928066589,"Upper Nass"
"alpha_dev[4]7",0.341603336685179,0.0092201683570644,0.930978087199384,-1.47257182760952,0.354666948304474,2.16770243348342,10195.3283100987,0.999755508006136,"Upper Nass"
"alpha_dev[5]7",-0.234987346027281,0.00821744152937762,0.905423584949087,-1.99808084224516,-0.236852683332239,1.52721738905532,12140.3263374711,0.99971102033924,"Upper Nass"
"alpha_dev[6]7",-0.10326139903244,0.00823005441596847,0.896719187140975,-1.84148731877361,-0.104882338263673,1.68283802210555,11871.5523380574,0.999839026196387,"Upper Nass"
"alpha_dev[7]7",-0.532147925962621,0.0093129577215223,0.927903609046617,-2.38657963733425,-0.526315873951212,1.29217239341505,9927.28442716742,0.999627409653855,"Upper Nass"
"alpha_dev[8]7",0.129810395925879,0.00965307827267777,0.94683935359522,-1.71482457860749,0.123899385029764,1.95572611194331,9621.01618194438,1.00046579619959,"Upper Nass"
"alpha_dev[9]7",-0.233007016607183,0.00912381486738991,0.907167035393341,-2.03081649098547,-0.238014562426007,1.5694070063393,9886.02244608699,0.999655777421405,"Upper Nass"
"alpha_dev[10]7",0.0659878953287033,0.00910200011802148,0.918802112960882,-1.74469398900099,0.0821628460097366,1.88057425406086,10189.9087966297,0.999740558202013,"Upper Nass"
"alpha_dev[11]7",-0.405999146011264,0.00837279028766234,0.92016772648152,-2.21983990496175,-0.395304561523308,1.38093374683458,12077.9594357936,0.999693306226007,"Upper Nass"
"alpha_dev[12]7",-0.401854750556585,0.00879132040671215,0.913951861993471,-2.19360198222648,-0.393776405324808,1.38284345793349,10807.8280571111,0.999728822681188,"Upper Nass"
"alpha_dev[13]7",-0.421789745098791,0.00868762729063288,0.903471325229847,-2.23873941640663,-0.417029156989976,1.33938210327496,10814.9965383339,0.999865746141941,"Upper Nass"
"alpha_dev[14]7",-0.225586409503686,0.00899823601582905,0.924646109174001,-2.05753089343724,-0.222143078111045,1.60430880021822,10559.3292736826,1.00007264529714,"Upper Nass"
"alpha_dev[15]7",-0.489759707135442,0.00879706296611506,0.912882320058404,-2.29363890934508,-0.481686198210149,1.28633992547827,10768.4746795577,0.999825505319026,"Upper Nass"
"alpha_dev[16]7",-0.445373139483992,0.00876049701621203,0.916800622544909,-2.28618362395231,-0.432366655717415,1.3252275109087,10951.9715504189,1.0000964431592,"Upper Nass"
"alpha_dev[17]7",-0.434872775241504,0.00893525261188076,0.91508514800975,-2.25649997082013,-0.435377668972499,1.3706479655581,10488.4024484719,0.999802435941356,"Upper Nass"
"alpha_dev[18]7",-0.429458342215779,0.00870710194742655,0.911280381611084,-2.22994528146328,-0.407584614015156,1.38148116233657,10953.5976063162,0.999817888728868,"Upper Nass"
"alpha_dev[19]7",-0.730043430139852,0.0102109107572101,0.930353886143741,-2.53356471272432,-0.737122031604475,1.10021257676067,8301.70680391123,0.999712990793502,"Upper Nass"
"alpha_dev[20]7",-0.134058491802222,0.00880553743784445,0.940644592707745,-2.02728507787587,-0.1284525575003,1.69869181505065,11411.4121401846,0.99971188995645,"Upper Nass"
"alpha_dev[21]7",-0.166071929420145,0.00823884612440144,0.910740671893741,-1.93285133010845,-0.172773742504406,1.6491869576255,12219.591286432,0.99988415608487,"Upper Nass"
"alpha_dev[22]7",0.0858912374122223,0.00916836208543516,0.938629908048312,-1.77943716235239,0.10028925620664,1.87184029236955,10481.0613584882,1.00005320456521,"Upper Nass"
"alpha_dev[23]7",-0.234942315911185,0.00921425123886119,0.965646284601589,-2.09763697327743,-0.240426678062992,1.6597424884356,10982.8751906525,1.00007434337573,"Upper Nass"
"alpha_dev[24]7",-0.00702264926348711,0.00827121953299419,0.974139938907197,-1.95084260024765,0.00161304572527582,1.87446950342371,13870.8668537064,0.999582143058652,"Upper Nass"
"alpha_dev[25]7",0.000420579325740053,0.00899802683524895,0.992085356947841,-1.96265199380354,0.00473158543226157,1.99389659200944,12156.3588286218,0.999989177596948,"Upper Nass"
"alpha_dev[26]7",0.00191724854265119,0.00886145323805989,1.03138559002297,-1.99505448822322,-0.000266472573629082,2.03934255405387,13546.6596204262,0.999923179719363,"Upper Nass"
"alpha_dev[27]7",0.0123808429746297,0.00857608523818859,1.00060852691177,-1.96855262490417,0.019147208478711,1.98509978317391,13612.8864306654,1.00000861105792,"Upper Nass"
"alpha_dev[28]7",0.00200093487898654,0.00879368344728343,1.02052784377311,-1.97716104854254,0.00349973945657426,2.03403713004068,13468.1536037166,0.999648793342457,"Upper Nass"
